i,j
1,2259
1,2260
5,2276
5,752
5,753
5,755
5,759
752,755
752,2276
752,759
755,2276
755,759
759,2276
7,3161
13,1872
17,3009
17,2821
17,2479
2821,3009
2479,3009
2479,2821
22,2436
22,2772
22,245
22,247
22,248
22,246
22,2749
248,2772
248,2749
246,2436
2749,2772
23,2756
23,1195
23,1196
23,1197
23,2733
23,3118
23,3119
23,3123
23,3124
23,3125
23,3126
2756,3118
2756,3119
2756,3123
2756,3125
2756,3126
1195,2733
1196,2756
1196,3118
1196,3119
1196,3123
1196,3125
1196,3126
1197,3124
3119,3123
3119,3125
3119,3126
3123,3125
3123,3126
31,2217
31,2218
31,2422
31,2424
2217,2424
2217,2422
2422,2424
34,3905
34,3906
44,67
49,3620
53,2946
53,2948
53,4728
53,4729
53,2812
2946,4728
2946,4729
2946,2948
2948,4728
2948,4729
4728,4729
2812,2946
2812,2948
2812,4728
2812,4729
55,67
56,58
56,59
56,60
59,60
57,4728
57,4729
63,4728
63,4729
63,2948
65,2785
69,340
71,1667
71,1668
71,3913
71,1681
1668,3913
1668,1681
1681,3913
72,2167
76,3626
76,3627
76,4018
76,4022
3626,4022
3627,4018
3627,4022
4018,4022
77,3139
81,4578
81,1703
81,1707
81,2261
81,2679
4578,4837
1703,4578
1703,4837
1703,1707
1703,2261
1703,2679
1707,4578
1707,4837
1707,2261
1707,2679
2261,4837
2261,4578
2261,2679
2679,4578
2679,4837
82,1704
82,4774
82,4598
1704,4774
1704,4598
4598,4774
84,4832
84,1698
84,1699
84,1700
84,1701
84,1702
84,1703
84,1704
84,2679
84,4774
84,1707
84,2261
84,4598
84,2583
84,2584
84,4578
84,4831
1698,1701
1698,1702
1698,1703
1698,1704
1698,4774
1698,1707
1698,2261
1698,4598
1698,2679
1699,4578
1699,4837
1699,1707
1699,2261
1699,2679
1700,4832
1700,2583
1700,2584
1700,4831
1701,4578
1701,1703
1701,1707
1701,2261
1701,2679
1702,1704
1702,4598
1702,4774
2584,4832
2584,4831
85,4578
85,1705
85,1706
85,1707
85,2261
85,2679
1705,4578
1705,4837
1705,1707
1705,2261
1705,2679
87,1218
87,2660
87,101
87,4102
87,4105
1218,2660
1218,4102
1218,4105
1218,4109
1218,4110
2660,4102
2660,4105
2660,4109
2660,4110
101,1218
101,2660
101,4102
101,4105
101,4109
4102,4105
4102,4109
4102,4110
4105,4109
4105,4110
4109,4110
88,4803
88,3512
3512,4803
89,4823
90,3479
90,3470
90,3471
3470,3479
91,3473
91,4227
3473,4227
93,4402
93,4403
93,4404
93,4408
4402,4408
4402,4404
4404,4408
95,1216
95,4194
95,4423
95,4424
95,3499
95,3500
95,3502
95,3503
95,2672
95,3506
95,3507
95,3509
95,3515
95,3516
95,1215
1216,4194
3499,3502
3499,3503
3499,3515
3499,3516
3500,4423
3500,4424
3500,4807
3500,3506
3500,3507
3500,3509
3500,3510
3500,3511
3502,3515
3502,3516
2672,4423
2672,4424
2672,4807
2672,3499
2672,3500
2672,3502
2672,3503
2672,3506
2672,3507
2672,3509
2672,3510
2672,3511
2672,3515
2672,3516
3506,4807
3506,3509
3506,3510
3506,3511
3507,4424
3507,4423
3509,4807
3509,3510
3509,3511
1215,4423
1215,4424
1215,3499
1215,3500
1215,3502
1215,3503
1215,2672
1215,3506
1215,3507
1215,3509
1215,3510
1215,3511
1215,3515
1215,3516
3510,4807
97,4226
98,1218
98,2660
98,101
98,4102
98,4105
100,4429
104,106
104,107
104,108
104,109
104,110
104,1948
104,1949
104,1950
104,1951
106,4417
106,107
106,108
106,109
106,110
106,1948
106,1949
106,1950
106,1951
107,4417
107,108
107,109
107,110
107,1948
107,1949
107,1950
107,1951
108,110
109,4417
109,1948
109,1949
109,1950
109,1951
1948,4417
1948,1950
1948,1951
1951,4417
105,2636
105,2637
105,4412
105,4413
105,4414
2636,4412
2637,4413
2637,4414
111,339
112,3913
115,424
115,425
115,3923
115,2458
115,4252
424,2458
424,3923
424,4252
3923,4252
2458,3923
2458,4252
117,3923
117,4252
120,1842
120,2424
120,2422
1842,2424
1842,2422
124,2424
126,1368
127,3584
127,3585
127,3586
127,3583
127,1369
127,1370
127,1851
3584,3585
3584,3586
3585,3586
3583,3584
3583,3585
3583,3586
1369,3584
1369,3586
1369,3585
1370,3584
1370,3585
1370,3586
1370,1851
1370,3583
1851,3584
1851,3585
1851,3586
1851,3583
128,867
129,4561
129,4562
129,4563
129,4564
4561,4562
4561,4563
4561,4564
4562,4563
4562,4564
4563,4564
130,4231
131,135
131,136
131,1868
131,3066
131,2524
135,3066
135,2524
136,1868
2524,3066
133,1368
139,1867
139,1868
1867,1868
140,3587
143,4780
146,4781
146,654
146,655
655,4781
148,4734
148,4735
4734,4735
151,4623
151,4625
151,4626
151,4627
4623,4625
4623,4626
4623,4627
4625,4626
4625,4627
4626,4627
154,4736
154,4578
154,4837
154,1963
154,1964
154,1965
154,1967
154,1968
154,2261
154,2679
1963,1968
1963,4736
1963,1967
1965,4578
1965,4837
1965,2261
1965,2679
1967,4736
155,161
155,162
155,163
155,1252
155,1247
155,4219
155,1243
155,1244
155,1268
155,1269
155,2707
155,1242
155,190
155,158
155,191
161,1247
161,1252
161,2707
161,1268
161,1269
161,1242
161,1243
161,1244
161,190
161,191
163,4219
1244,1252
1268,2707
1242,1247
190,1252
190,1242
190,1243
190,1244
190,1247
158,161
158,162
158,163
158,1247
158,1252
158,4219
158,1243
158,2707
158,1268
158,1269
158,1242
158,1244
158,190
158,191
191,2707
191,1268
191,1269
156,4052
159,4051
159,164
159,165
165,4051
167,1805
168,170
172,1603
172,1063
172,1064
172,1065
172,1066
172,1067
172,1069
172,1070
172,175
172,176
172,1068
172,1076
172,1077
172,1078
172,3547
1063,4065
1063,4710
1063,1065
1063,1066
1063,1067
1063,1068
1063,1069
1063,1070
1064,1603
1064,1076
1064,1077
1064,3547
1065,4065
1065,4710
1065,1066
1065,1067
1065,1068
1065,1069
1065,1070
1066,1069
1066,1070
1066,4710
1067,4065
1067,1068
1070,4710
175,4065
175,1603
175,4710
175,1063
175,1064
175,1065
175,1066
175,1067
175,1068
175,1069
175,1070
175,1076
175,1077
175,3547
176,1078
1068,4065
1076,1603
1077,3547
173,4362
173,4079
173,1041
173,1042
173,1047
173,1048
4079,4362
1041,1048
1041,1047
1042,4362
1042,4079
178,1040
178,1039
179,4065
179,1061
179,1062
179,1068
179,180
179,181
179,3546
1061,4065
1061,3546
1061,1062
1062,4065
1062,3546
180,4065
180,1061
180,1062
180,3546
181,4065
181,1068
3546,4065
182,1049
182,1050
182,4710
1050,4710
183,4065
183,1061
183,1062
183,3546
186,3328
186,3329
186,3330
186,1584
186,1074
3328,3329
3328,3330
1584,3328
1584,3330
1584,3329
1074,3328
1074,3329
1074,3330
1074,1584
197,3587
198,3588
200,571
208,3947
210,212
210,213
210,214
216,804
216,2513
216,2514
216,3966
216,2870
216,3961
216,218
216,219
216,220
216,3962
804,2513
804,2514
804,2870
2513,2870
3961,3966
218,804
218,2513
218,2514
218,2870
220,3961
220,3962
220,3966
222,4008
222,4007
223,224
223,2020
223,784
223,447
224,784
224,2020
224,447
784,2020
447,784
447,2020
226,2955
227,4241
227,4242
4241,4242
237,1142
238,3740
238,3741
258,3449
259,3457
259,4392
259,3213
259,3214
259,4404
259,4407
259,4408
259,4283
259,4284
3457,4392
3213,4392
3213,3457
3214,4404
3214,4407
3214,4408
3214,4283
3214,4284
4407,4408
4283,4408
4283,4404
4284,4408
4284,4407
261,2496
261,4774
261,1206
261,1207
261,4409
261,2495
2496,4409
1206,2496
1206,4774
1206,4409
1206,2495
2495,4774
262,3449
264,3521
264,2659
264,3531
264,1360
264,1361
264,1332
264,1333
264,1371
2659,3531
1360,1371
1361,3521
1332,3521
1332,1360
1332,1361
1332,1371
1333,2659
1333,3531
265,4683
265,3525
265,3526
3525,4683
3525,3526
3526,4683
266,4564
269,3581
269,3580
269,4582
3580,4582
271,325
275,4221
279,3144
279,3624
3144,3624
280,929
281,3884
282,4613
309,1136
315,320
315,321
315,322
315,323
315,324
315,325
315,326
315,1095
315,1096
315,1083
315,1097
315,1099
315,1084
315,319
320,322
320,323
320,324
320,325
320,326
320,1097
320,1099
320,1100
322,325
324,326
324,1097
324,1099
324,1100
326,1097
326,1099
326,1100
1095,1097
1095,1099
1095,1100
1097,1099
1097,1100
1099,1100
1084,1095
1084,1096
1084,1097
1084,1099
1084,1100
319,1095
319,1096
319,1097
319,1099
319,1100
319,1083
319,1084
316,4419
317,325
318,1106
318,2546
1106,2546
331,3544
332,3281
332,3282
332,1543
3281,3282
1543,3281
1543,3282
333,3282
336,4188
344,2772
349,956
354,382
356,1413
357,3458
357,3459
357,3460
357,3462
357,4420
357,4395
357,3476
357,3478
357,4733
3458,3476
3459,3460
3459,4420
3459,3462
3459,4395
3459,3478
3459,4733
3460,4395
3460,4733
3462,3478
3462,4420
4395,4733
3478,4420
361,4776
362,4579
364,4736
364,3597
364,3598
364,4645
364,2245
364,2246
364,2247
364,2262
364,2263
364,2264
364,4215
364,4583
364,4462
364,4594
364,4595
364,4213
364,2678
364,4214
3597,4462
3597,4215
3598,4736
3598,4645
4645,4736
2245,4594
2246,4595
2247,4736
2247,4645
2247,4583
2247,3597
2247,3598
2247,4462
2247,4596
2247,4213
2247,2262
2247,2263
2247,2264
2247,2678
2247,4214
2247,4215
2262,4583
2262,4596
2262,4213
2262,2678
2262,4214
2263,4736
2263,4645
2263,3597
2263,3598
2263,4462
2263,4215
4215,4462
4583,4596
2678,4583
2678,4596
2678,4213
2678,4214
4214,4596
4214,4583
365,4583
365,4596
365,4213
365,4214
365,2678
366,4596
367,4571
368,1252
369,1259
369,1260
369,1265
1259,1265
370,1248
370,1249
370,3392
370,3279
370,3280
1248,3392
1248,3280
1248,3279
3279,3392
372,2376
372,2377
372,2378
372,1297
372,1298
372,1299
372,2354
372,2355
372,2359
372,2360
372,3578
372,4702
2378,4704
2378,4705
2378,4702
2378,4703
1298,3578
1299,2376
1299,2377
1299,2378
1299,2354
1299,2355
1299,2359
1299,2360
1299,4702
1299,4703
2354,4704
2354,2376
2354,2377
2354,2378
2354,2359
2354,2360
2354,4702
2354,4703
2359,4704
2359,4705
2359,2376
2359,2377
2359,2378
2359,4702
2359,4703
4702,4704
4702,4705
4702,4703
4703,4704
4703,4705
4704,4705
373,4704
373,2376
373,2377
373,2378
373,2359
373,2360
373,4702
373,4703
385,4839
385,4840
385,2357
385,2294
385,2295
385,2296
385,2358
385,2391
4839,4840
2357,4840
2357,4839
2295,4839
2295,4840
2295,2357
2295,2358
2295,2391
2358,2391
386,4833
389,2309
390,4787
390,4788
4787,4788
392,1321
392,1303
1303,1321
395,2309
395,2119
395,2120
395,2121
395,2122
395,1292
395,1293
395,2126
395,2123
395,2128
395,2124
395,2348
395,2298
395,1278
2119,2121
2119,2298
2119,2348
2120,2122
2120,2123
2120,2124
2121,2298
2121,2348
1292,2309
1292,2348
1292,2126
1292,2128
1292,2298
1293,2119
1293,2120
1293,2121
1293,2122
1293,2123
1293,2124
1293,2348
1293,2298
2126,2309
2123,2124
2128,2298
2128,2348
2298,2348
1278,2309
1278,2119
1278,2120
1278,2121
1278,2122
1278,2123
1278,1292
1278,1293
1278,2126
1278,2124
1278,2128
1278,2348
1278,2298
397,4580
398,2122
398,2123
398,2124
398,1295
398,1294
1294,2122
1294,2123
1294,2124
401,4464
401,4465
401,4550
4465,4550
404,3555
404,1330
404,1331
404,4826
404,4827
404,4828
404,4829
404,4830
3555,4826
3555,4827
3555,4828
3555,4829
3555,4830
1330,3555
1330,4826
1330,4827
1330,4828
1330,4829
1330,4830
4827,4828
4827,4829
4827,4830
4828,4829
4828,4830
408,4579
408,4840
408,2285
408,2962
408,2963
408,2964
2285,4579
2285,4840
2285,2962
2285,2963
2285,2964
2962,4579
2963,4840
2963,2964
2964,4840
409,4579
410,1296
410,4833
410,4566
1296,4833
1296,4566
4566,4833
413,2813
413,3951
2813,3951
414,2712
414,2713
414,3947
2713,3947
418,4379
419,4723
420,2472
420,4047
420,2471
2471,4047
421,2825
421,4047
2825,4047
422,2473
427,4770
427,430
430,4770
428,2518
428,2519
432,4249
432,4593
432,4590
4249,4593
4249,4590
4590,4593
433,2406
433,2408
433,437
433,438
433,439
433,440
437,2408
437,2406
438,440
438,439
434,2729
434,3946
2729,3946
444,784
444,2020
445,2026
453,1987
453,1988
453,1989
453,1994
453,2331
1988,1994
1988,2331
1994,2331
455,2180
455,2181
455,2730
455,2804
455,2742
455,2743
455,3322
2180,2730
2180,2804
2180,2742
2180,2743
2180,3322
2181,3322
2730,2804
2730,2742
2730,2743
2730,3322
2742,2804
2743,3322
457,4042
457,2819
2819,4042
466,4358
467,2809
467,4357
467,4358
2809,4357
2809,4358
4357,4358
468,4048
470,4047
471,2424
471,2422
474,3662
478,2177
478,2178
478,4296
478,4754
2177,4754
2178,4296
481,592
481,2173
592,2173
482,4691
485,4672
485,4670
485,4671
4670,4672
490,3666
494,4290
495,2500
495,729
495,730
495,3359
729,2500
730,3359
498,1937
498,1940
498,1938
1938,1940
500,4022
501,504
501,505
502,520
502,2650
502,2651
520,2650
520,2651
2650,2651
506,538
508,4681
508,3694
508,3695
508,3696
508,1107
508,1108
3694,3696
3694,3695
1107,4681
1108,3696
1108,3694
1108,3695
512,3651
512,541
541,3651
521,4018
521,4017
521,4022
4017,4018
4017,4022
523,4017
523,4018
523,4022
527,3829
528,933
534,3281
534,3282
535,3648
535,3649
535,1114
3648,3649
1114,3648
1114,3649
549,3543
554,3715
555,1141
555,1142
1141,1142
556,3828
556,3826
556,3827
3826,3827
3826,3828
557,1132
559,4312
559,4311
560,1505
560,1506
561,3361
561,3362
561,3364
561,3654
561,714
561,715
561,4315
3361,3364
3361,3654
3362,4315
3364,3654
715,3361
715,3362
715,3364
715,3654
715,4315
562,1505
562,1506
567,736
567,2500
736,2500
568,3657
568,3659
3657,3659
569,747
575,1664
575,1665
575,2473
575,1676
575,1677
575,1750
1664,2473
1664,1676
1664,1677
1664,1750
1676,2473
1676,1750
1750,2473
576,945
578,945
578,581
581,945
583,3671
584,4024
584,4025
584,4668
584,4030
4024,4668
4024,4030
4030,4668
585,2598
585,2599
585,2992
585,2993
2598,2992
2598,2993
2992,2993
590,592
590,2173
593,2167
594,597
595,2172
610,1376
610,1377
610,1379
610,1378
610,2436
1376,1379
1376,2436
1379,2436
611,2910
618,1184
618,1185
618,1186
618,1187
618,1188
618,1189
618,1190
618,1191
618,1192
618,1193
618,2956
618,885
618,1205
618,2910
1184,1185
1184,1186
1184,1187
1184,1188
1184,1189
1184,1190
1184,1191
1184,1192
1184,1193
1184,2756
1184,2956
1184,3118
1184,3119
1184,3312
1184,1205
1184,2910
1187,2756
1187,1190
1187,1191
1187,1192
1187,1193
1187,3118
1187,3119
1187,3312
1187,3123
1188,2956
1188,1205
1189,2910
1190,2756
1190,1192
1190,1193
1190,3118
1190,3119
1190,3312
1190,3123
1190,3125
1190,3126
1192,2756
1192,3118
1192,3119
1192,3123
1192,3125
1192,3126
1193,3312
885,1184
885,1185
885,1186
885,1187
885,1188
885,1189
885,1190
885,1191
885,1192
885,1193
885,2756
885,2956
885,3312
885,1205
885,2910
1205,2956
620,1722
621,622
621,623
621,2772
621,892
621,2749
622,2772
622,892
622,2749
892,2772
892,2749
652,4582
652,3559
652,2859
652,2861
652,2892
652,2895
652,2896
652,2898
3559,4582
2861,4582
2861,3559
2861,2892
2861,2895
2861,2896
2861,2898
2892,4582
2892,3559
2892,2895
2892,2896
2892,2898
2895,2898
2896,4582
2896,3559
653,3968
653,3969
653,3592
653,3593
3592,3968
3593,3969
658,1975
659,2902
662,3247
663,3232
664,3226
665,2591
666,3234
666,3242
666,3244
3234,3242
3234,3244
3242,3244
667,4781
670,1884
670,3247
1884,3247
672,3238
672,3239
672,3240
672,3246
672,3994
3238,3246
3239,3240
3239,3994
3240,3994
682,3591
683,4780
683,685
685,4780
686,3971
686,2515
686,691
686,692
2515,3971
691,3971
691,2515
687,696
687,3589
687,3590
696,3589
696,3590
3589,3590
688,3968
688,3594
688,3595
688,697
688,699
3594,3968
697,3968
697,3594
697,3595
697,699
699,3595
699,3594
699,3968
701,3360
701,1811
701,4315
3360,4315
1811,3360
1811,4315
702,1502
704,4065
704,4096
704,708
704,1573
704,710
704,1071
704,1072
704,3535
704,3536
704,4216
704,4217
704,4094
704,4095
708,4096
708,4094
708,4095
1573,4065
710,4065
710,1573
710,3535
710,1072
710,3536
710,1071
710,4216
710,4217
1071,4065
1071,1573
1072,3535
1072,3536
1072,4216
1072,4217
3536,4217
3536,4216
4216,4217
4094,4096
4094,4095
4095,4096
706,4092
706,1562
706,1563
706,1564
706,1565
1562,4092
1563,1564
1563,1565
707,4223
712,3361
712,3362
712,3364
712,3654
712,4315
716,1890
716,1891
716,1540
716,1541
716,719
716,720
716,1587
716,1588
719,1540
719,1541
720,1890
720,1891
720,1587
720,1588
1587,1891
1587,1890
717,1890
717,1507
717,1508
717,1509
717,1510
717,1511
717,1542
717,1513
717,1891
717,1515
717,1587
717,1588
1508,1890
1508,1891
1508,1509
1508,1510
1508,1511
1508,1542
1508,1513
1508,1515
1508,1587
1508,1588
1509,1513
1510,1515
1510,1542
1511,1890
1511,1891
1511,1587
1511,1588
1515,1542
724,4032
724,4033
724,4034
724,4031
727,2500
727,729
727,730
727,3359
732,3161
732,1441
1441,3161
739,4081
741,3660
741,750
750,3660
743,1100
757,4829
757,4830
758,2276
758,759
762,1328
762,1663
762,1327
1327,1663
769,3531
770,3555
770,4826
770,4827
770,4828
770,4829
770,4830
774,2947
774,4745
774,3317
774,3318
774,3319
774,3321
2947,4745
2947,3317
2947,3318
2947,3319
2947,3321
3317,4745
3317,3318
3317,3319
3317,3321
3318,4745
776,4563
776,4564
785,3930
790,2024
790,2026
790,2023
2023,2026
791,803
791,804
791,2513
791,2514
791,2870
803,804
803,2513
803,2514
803,2870
792,794
792,796
797,4582
797,3559
797,2892
797,2895
797,2896
797,2898
799,800
799,801
799,804
799,2513
799,2514
799,2870
800,804
800,2513
800,2514
800,2870
805,810
807,2820
807,4590
807,4593
807,818
807,819
807,4249
818,2820
819,4249
819,4593
819,4590
808,4593
808,4592
808,4591
4592,4593
812,3924
813,3923
813,2456
813,2457
813,2458
813,4252
2456,4252
2457,2458
2457,3923
2457,4252
820,2790
820,2761
820,3925
820,2454
820,2455
2790,3925
2761,3925
2761,2790
2455,2761
2455,3925
2455,2790
826,2786
826,2819
826,836
826,1833
826,4042
826,828
826,830
2786,4042
2786,2819
836,4042
836,2786
836,2819
828,2786
828,2819
828,836
828,4042
830,1833
827,1778
833,3922
837,4039
838,1778
839,1468
840,1826
840,1827
840,1828
840,1829
840,4037
840,4038
840,3048
840,1834
840,4040
840,1837
840,1465
840,1466
1826,4040
1826,4037
1826,4038
1827,1837
1828,3048
1829,3048
4037,4040
4038,4040
1834,1837
1465,1834
1465,1837
1466,1826
1466,1827
1466,1828
1466,1829
1466,4037
1466,4038
1466,3048
1466,4040
1466,1837
844,1831
846,3049
847,1609
847,1610
847,4236
847,1841
847,2994
847,2995
1609,2994
1609,2995
1609,4236
1610,1841
2995,4236
849,995
849,4236
995,4236
850,4745
850,3317
850,3318
850,3319
850,3321
853,2940
854,4562
854,4563
854,4564
855,4561
855,4562
855,3315
855,4563
855,4564
3315,4561
3315,4562
3315,4564
3315,4563
858,4231
858,1873
858,1874
858,1875
1874,1875
1874,4231
1875,4231
859,4228
859,4229
859,4231
4229,4231
875,3961
875,3962
875,3966
887,2772
887,889
887,890
887,891
887,892
887,2749
889,2772
889,890
889,891
889,892
889,2749
891,2772
891,892
891,2749
900,2650
900,2651
903,3898
903,3899
904,3889
934,3671
936,3672
937,3640
937,3716
937,3159
3640,3716
3159,3640
3159,3716
941,3901
961,3242
961,3244
968,1958
968,4620
968,974
1958,4620
974,1958
974,4620
970,2352
970,2353
970,2362
2353,2362
977,2897
977,2885
2885,2897
980,2304
980,2305
980,2312
980,2313
980,3990
2305,2312
2305,3990
2305,2313
2313,3990
981,3979
983,2868
992,2401
992,2400
997,4561
997,3315
997,1365
997,1366
997,1367
997,2941
997,2942
997,2943
1367,4561
1367,4562
1367,3315
1367,2941
1367,2942
1367,2943
2942,4561
2942,4562
2942,3315
2942,4563
2942,2943
2943,4561
2943,4562
2943,3315
2943,4563
2943,4564
1001,1540
1001,1541
1007,1024
1007,1025
1007,1026
1007,1029
1007,1030
1007,2526
1007,1031
1007,1033
1007,1032
1007,1035
1007,1036
1007,3050
1007,1578
1007,1021
1007,1022
1007,1023
1024,2499
1024,1030
1024,1578
1024,1035
1024,1036
1025,1029
1025,4485
1025,1031
1025,1032
1026,3050
1026,2526
1029,1032
1029,4485
1029,1031
1030,2499
1030,1578
1030,1035
1030,1036
2526,3050
1031,4485
1035,1578
1035,2499
1578,2499
1021,1033
1022,1024
1022,1025
1022,1026
1022,2499
1022,1029
1022,1030
1022,2526
1022,1031
1022,1032
1022,3050
1022,1035
1022,1036
1022,1578
1022,4485
1022,1023
1023,1025
1023,1026
1023,1029
1023,4485
1023,1031
1023,1032
1023,3050
1023,2526
1008,1027
1008,1028
1008,3050
1008,4654
1008,1276
1008,2526
1027,1276
1027,4654
1028,3050
1028,2526
1276,4654
1009,4364
1009,1270
1270,4364
1010,3050
1010,1037
1010,1038
1010,1020
1038,3050
1020,3050
1020,1037
1020,1038
1011,1029
1011,4485
1011,1031
1011,1032
1012,1033
1012,1020
1012,4364
1012,1037
1012,1038
1012,1014
1012,1015
1012,1016
1012,1017
1012,1018
1012,1019
1012,1270
1014,1033
1015,3050
1015,4364
1015,1037
1015,1038
1015,1270
1015,1016
1015,1017
1015,1018
1015,1019
1015,1020
1016,3050
1016,1037
1016,1038
1016,1018
1016,1019
1016,1020
1017,4364
1017,1270
1019,3050
1019,1037
1019,1038
1019,1020
1013,2499
1013,1030
1013,1578
1013,1035
1013,1036
1045,4065
1045,3546
1052,4708
1054,4708
1055,4065
1055,4710
1055,1065
1055,1066
1055,1067
1055,1068
1055,1069
1055,1070
1058,3547
1059,1078
1060,4065
1060,3546
1060,1062
1080,1579
1080,1580
1080,1589
1080,1596
1579,1596
1580,1589
1088,1095
1088,1096
1088,1097
1088,1099
1088,1100
1089,4419
1090,1092
1090,1093
1090,1094
1090,1097
1090,1099
1090,1100
1093,1097
1093,1099
1093,1100
1091,1106
1091,2546
1102,3660
1111,2996
1112,4681
1119,1136
1119,1131
1131,1136
1120,3648
1120,1122
1120,1123
1120,1124
1120,1125
1120,1126
1120,1127
1120,1128
1120,1129
1120,3649
1120,1140
1120,1141
1120,1142
1122,1140
1122,1141
1122,1142
1123,3648
1123,3649
1123,1125
1123,1126
1123,1127
1123,1128
1123,1129
1126,3648
1126,3649
1126,1128
1126,1129
1128,3649
1128,3648
1140,1141
1140,1142
1121,1141
1121,1142
1134,1137
1134,1138
1134,3684
1137,3684
1157,1158
1161,1943
1161,1941
1161,1942
1161,3607
1943,3607
1942,3607
1942,1943
1169,4260
1172,1204
1172,1757
1204,1757
1180,1204
1180,1757
1181,1194
1181,4260
1194,4260
1198,2956
1198,1205
1199,2956
1208,1211
1208,1212
1208,1213
1208,1214
1212,1213
1212,1214
1210,2129
1210,2130
1210,1655
1655,2129
1655,2130
1221,3272
1221,3273
1221,3183
1221,2038
1221,2039
3272,3273
2038,3183
2039,3272
2039,3273
1222,3156
1223,1762
1223,1763
1223,1764
1223,1765
1223,1766
1223,1767
1223,3395
1223,1772
1763,3395
1763,1765
1763,1766
1763,1767
1763,1772
1766,3395
1767,1772
1228,2480
1230,1638
1230,2050
1230,1637
1638,2050
1637,2050
1637,1638
1231,3375
1231,1639
1639,3375
1234,4395
1234,3567
1234,3439
1234,4733
3567,4395
3567,4733
3439,4395
3439,3567
3439,4733
1240,3424
1240,3425
1240,3426
1240,3416
1240,3458
1240,3459
1240,3460
1240,3462
1240,3476
1240,3415
1240,3418
1240,3420
1240,3421
1240,3422
1240,3423
3425,3426
3425,3459
3425,3460
3425,3458
3425,3462
3425,4420
3425,4395
3425,3476
3425,3478
3425,4733
3426,3459
3426,3460
3426,3458
3426,3462
3426,4420
3426,4395
3426,3476
3426,3478
3426,4733
3416,3418
3415,3424
3415,3425
3415,3426
3415,3458
3415,3459
3415,3460
3415,3462
3415,4395
3415,3476
3415,3478
3415,3420
3415,3421
3415,3422
3415,3423
3420,3426
3420,3459
3420,3460
3420,3458
3420,3462
3420,4420
3420,4395
3420,3476
3420,3478
3420,4733
3421,3424
3421,3425
3421,3426
3421,3458
3421,3459
3421,3460
3421,3462
3421,3476
3421,3422
3421,3423
3422,3424
3422,3425
3422,3426
3422,3458
3422,3459
3422,3460
3422,3462
3422,4395
3422,3476
3422,3478
1241,3418
1241,3413
1241,3414
3413,3418
3413,3414
3414,3418
1250,1267
1250,4051
1267,4051
1257,1262
1257,1263
1271,3204
1273,3272
1273,3273
1273,3183
1273,2038
1273,2039
1273,1274
1274,3272
1274,3273
1274,3183
1274,2038
1274,2039
1282,2344
1284,2344
1284,1321
1284,1290
1284,1291
1284,1303
1290,1321
1290,1303
1291,2344
1286,1318
1286,1320
1286,1319
1286,1359
1318,1320
1318,1359
1318,1319
1320,1359
1287,2381
1300,2350
1302,1314
1302,1315
1302,1321
1302,2350
1314,1321
1315,2350
1306,3579
1307,3375
1307,1639
1308,2050
1308,1638
1308,1622
1308,1626
1308,1628
1622,2050
1622,1638
1622,1626
1622,1628
1626,2050
1626,1628
1626,1638
1628,2050
1628,1638
1309,4393
1312,4421
1322,4683
1322,3526
1323,2656
1323,2657
1323,2658
1323,2659
1323,3531
1323,2655
2656,2657
2656,2658
2656,2659
2656,3531
2658,2659
2658,3531
1324,4392
1324,3457
1325,3555
1325,4826
1325,4827
1325,4828
1325,4829
1325,4830
1334,2782
1335,1833
1336,4237
1336,4238
1338,4635
1338,4631
4631,4635
1340,1345
1340,4604
1345,4604
1341,4420
1341,4409
1341,3162
1341,3163
3162,4409
3163,4420
1347,1359
1350,2965
1351,4840
1351,2961
1351,4839
2961,4840
2961,4839
1354,3577
1354,3579
3577,3579
1380,1837
1381,1836
1382,1383
1382,1384
1382,4237
1382,4238
1384,4237
1384,4238
1386,1555
1386,1556
1389,1793
1389,3845
1389,3846
1389,1461
1793,3845
1793,3846
3845,3846
1461,1793
1461,3845
1461,3846
1390,1463
1390,3340
1390,4342
1390,1462
3340,4342
1462,4342
1462,3340
1391,2332
1391,3845
1391,3846
2332,3845
2332,3846
1392,3328
1392,3329
1392,3330
1392,1584
1394,1396
1394,1397
1394,4222
1397,4222
1398,4761
1401,4772
1409,2965
1416,3661
1417,1427
1417,1428
1418,4289
1424,2276
1425,1424
1425,2276
1426,2276
1431,1782
1431,1435
1431,1436
1431,1437
1435,1437
1435,1782
1437,1782
1432,1781
1440,1782
1442,3211
1442,1607
1607,3211
1444,4065
1444,3546
1445,4065
1445,1573
1445,1446
1445,1447
1447,4065
1447,1573
1453,1552
1455,3539
1458,1554
1459,3843
1459,3842
1459,3844
3843,3844
1469,1616
1471,1935
1471,3637
1935,3637
1472,3638
1472,3639
1474,1477
1475,1808
1475,1807
1481,1616
1483,3359
1485,2209
1485,2207
2207,2209
1487,1504
1487,4044
1487,4046
1487,1503
1503,4044
1503,4046
1488,4306
1488,1586
1586,4306
1489,4771
1492,4306
1492,1586
1496,4321
1496,4063
4063,4321
1499,4314
1499,4053
1499,4054
4054,4314
1517,3544
1518,4336
1521,3607
1522,1944
1522,4422
1944,4422
1523,4378
1525,2116
1525,2117
1527,4451
1529,2258
1529,2257
1529,3927
2257,3927
1530,3927
1531,2789
1532,2434
1532,2435
1532,2792
1532,4360
1532,4844
1532,2447
1532,2448
1532,2449
1532,2451
2434,2792
2434,4360
2434,4844
2434,2447
2434,2448
2434,2449
2434,2451
2447,4360
2447,2451
2448,4844
2449,2792
2451,4360
1537,3248
1537,3249
1548,4720
1548,4721
1548,4722
4721,4722
1550,1731
1550,1732
1558,2340
1558,4093
2340,4093
1560,1565
1560,1562
1560,1563
1560,4092
1560,1564
1561,4308
1561,4309
1566,4083
1566,4084
1570,2499
1571,4086
1571,4223
4086,4223
1572,1578
1572,2499
1577,4096
1577,1983
1577,4094
1577,4095
1983,4096
1983,4095
1983,4094
1582,2504
1612,4236
1612,2994
1612,2995
1624,2050
1624,1638
1624,1626
1624,1628
1631,1632
1631,1633
1631,1634
1631,2279
1631,3273
1631,3373
1631,3375
1632,3373
1632,2279
1633,3273
1634,3375
2279,3373
1644,3226
1650,3560
1650,2633
1650,1653
1650,1654
2633,3560
1653,3560
1653,2633
1654,3560
1654,2633
1651,2129
1651,2130
1651,1655
1656,3479
1659,3607
1659,1943
1670,1680
1670,3124
1670,1679
1680,3124
1671,2825
1671,1743
1671,1744
1671,1745
1671,1746
1671,4047
1671,1751
1671,1752
1671,1753
1671,1754
1671,1755
1671,1756
1743,1745
1743,1746
1743,1751
1743,1752
1743,1753
1743,1754
1744,2825
1744,4047
1744,1755
1744,1756
1746,1751
1746,1752
1746,1753
1746,1754
1751,1754
1752,1753
1756,2825
1756,4047
1672,1753
1673,3312
1673,2957
1673,2958
2957,3312
1674,3913
1674,1681
1683,3661
1684,3212
1684,4289
3212,4289
1686,4448
1686,3204
1686,3530
1686,1708
1686,1709
1686,4447
3530,4448
3530,4447
1708,3204
1709,4448
1709,3530
1709,4447
1687,2592
1687,2593
1687,3525
1687,3526
1687,4683
1687,4077
2592,4683
2592,3525
2592,3526
2593,4077
1689,4583
1689,4596
1689,4287
4287,4583
4287,4596
1690,4774
1690,4597
1690,4598
4597,4774
4597,4598
1695,4062
1711,4185
1714,3400
1714,4823
3400,4823
1717,4772
1718,4773
1719,4761
1719,4685
1719,4686
4685,4761
4685,4686
4686,4761
1734,1733
1741,4089
1741,1742
1742,4089
1747,2473
1747,1750
1748,1754
1768,1771
1769,2480
1775,2007
1779,4513
1779,4514
1780,3548
1780,2654
2654,3548
1783,1922
1783,1923
1783,3543
1922,3543
1785,3172
1785,3173
1785,3174
1785,3208
1785,3209
1785,3210
1785,4337
1785,3285
1785,3286
1785,3287
3172,3208
3172,3209
3172,3210
3172,4337
3172,3287
3173,3285
3173,3286
3173,3287
3208,4337
3210,3287
3285,3287
1786,3283
1786,3284
1787,3172
1787,3173
1787,3174
1787,3208
1787,3209
1787,3210
1787,4337
1787,3285
1787,3286
1787,3287
1788,1793
1788,3845
1788,3846
1790,1793
1790,3845
1790,3846
1791,3283
1791,3284
1792,2341
1792,2342
1792,3846
2342,3846
1794,4767
1796,2337
1796,2338
1796,1799
1799,2337
1799,2338
1802,4722
1809,4793
1816,2303
1818,3979
1818,3978
3978,3979
1822,2166
1823,2874
1823,2875
1823,4251
2875,4251
1838,1841
1839,1841
1848,3580
1848,3581
1848,4582
1852,4780
1853,3586
1854,3585
1854,3586
1855,1858
1855,1859
1855,1877
1855,1879
1855,1880
1859,1880
1859,1877
1859,1879
1877,1880
1877,1879
1860,1864
1860,1865
1860,1863
1864,1865
1861,1867
1861,1868
1869,1875
1869,4231
1871,1872
1876,4776
1876,2893
1876,2894
2894,4776
1887,2802
1888,2782
1894,3826
1894,3827
1894,3828
1896,2505
1896,2506
1896,4217
2506,4217
1900,3012
1902,4544
1913,3408
1914,4608
1914,4609
1914,4610
1914,4712
4610,4712
1915,4817
1919,2959
1919,2960
1920,3202
1920,3203
1920,4195
1920,4335
3202,4195
3203,4335
1924,4719
1926,3288
1926,3289
1926,4337
3289,4337
1927,3344
1927,3345
1927,3346
1927,3347
1927,3348
1927,4400
1927,3350
1927,3351
3344,3347
3344,3348
3344,3350
3344,3351
3346,4400
3348,3350
3348,3351
1933,3057
1933,3058
1952,4623
1952,4625
1952,4626
1952,4627
1955,4462
1955,4625
1955,4626
1955,4627
1955,2267
1955,2268
1955,2269
2267,4627
2267,4625
2267,4626
2268,4462
1972,4644
1978,4745
1980,4745
1980,2125
1980,3318
1980,3319
1980,3321
2125,4745
2125,3318
2125,3319
2125,3321
1981,3557
1984,3886
1984,3887
1984,3120
1984,3121
1984,3888
3121,3888
3121,3886
3121,3887
1986,4754
1992,2651
1997,4294
1999,4299
1999,4676
4299,4676
2000,4672
2000,4670
2000,4671
2008,4278
2009,2715
2010,2019
2027,2452
2029,2432
2029,2433
2029,4351
2029,4357
2029,4358
2029,4350
2029,2430
2029,2431
2433,4357
2433,4358
2433,4350
2433,4351
4350,4357
4350,4358
2430,2432
2430,2433
2430,4357
2430,4358
2430,4350
2430,4351
2031,2711
2032,2795
2032,2796
2032,4250
2032,4251
2796,4250
2796,4251
4250,4251
2033,2711
2034,4723
2034,3948
3948,4723
2035,2847
2040,3273
2041,3376
2041,3377
2042,3396
2043,3395
2045,2480
2048,2050
2053,4607
2054,2070
2056,4712
2057,3297
2064,4632
2064,4635
2064,4633
4633,4635
2071,3409
2074,3408
2074,3407
3407,3408
2075,4184
2075,4165
2075,4166
4166,4184
2077,4185
2077,4173
4173,4185
2079,2088
2079,2089
2079,4184
2088,4184
2082,4803
2082,2662
2082,2663
2082,2664
2082,2666
2082,2667
2082,3512
2662,4803
2662,2666
2662,2667
2662,3512
2667,3512
2667,4803
2083,2265
2083,4194
2265,4194
2087,2090
2095,3082
2095,2442
2095,2987
2095,2988
2095,4522
3082,4522
2442,3082
2442,2987
2442,2988
2442,4522
2987,4522
2987,3082
2096,4649
2096,4650
2096,4651
4650,4651
2097,4411
2099,4651
2099,4391
4391,4651
2101,4389
2101,4398
4389,4398
2105,2728
2105,4009
2728,4009
2106,2951
2107,2950
2107,2110
2107,2951
2950,2951
2110,2950
2110,2951
2108,4009
2108,2764
2108,2750
2108,2751
2764,4009
2750,4009
2750,2764
2111,2112
2111,2113
2114,4009
2114,2764
2136,3257
2137,3257
2139,2160
2145,2150
2145,2151
2146,2437
2147,4052
2147,3259
3259,4052
2148,3261
2149,2707
2149,2702
2702,2707
2154,3024
2154,3025
2158,4523
2158,4524
2158,4525
2158,4531
2158,4532
4524,4532
4524,4531
4524,4525
4525,4531
4525,4532
4531,4532
2159,4494
2159,4655
2159,4372
2159,4476
2159,4477
4494,4655
4372,4494
4372,4655
4372,4476
4372,4477
4477,4494
4477,4655
2175,2320
2175,4296
2175,4295
2320,4296
2320,4295
4295,4296
2182,2219
2182,2220
2182,3662
2182,3666
2219,3666
2220,3662
2183,2188
2184,4035
2184,4036
2184,4037
2184,4038
2184,4039
2184,4040
4035,4040
4035,4037
4035,4038
4036,4039
2185,4039
2185,2189
2185,2191
2185,2226
2185,2231
2185,2649
2189,2226
2189,2231
2191,2649
2191,4039
2226,2231
2649,4039
2192,3682
2192,2227
2192,2228
2192,2232
2192,2233
2227,2232
2227,2233
2228,3682
2195,2803
2197,2211
2197,2198
2197,2199
2197,2200
2200,2211
2202,4668
2203,4436
2224,2649
2224,4039
2237,4668
2248,2621
2248,2622
2249,4704
2249,4705
2195,2200
2195,2211
2195,2197
2744,2195
2744,2803
2744,2211
2744,2200
2744,2197
2803,2195
2803,2211
2803,2200
2803,2197
2211,2746
2211,2200
2211,2197
2211,2803
2211,2195
2200,2746
2200,2211
2200,2197
2200,2803
2200,2195
2754,2746
2754,2744
2754,2211
2754,2197
2754,2803
2754,2195
2754,2200
2197,2746
2197,2211
2197,2200
2197,2803
2197,2195
2746,2744
2746,2211
2746,2197
2746,2803
2746,2195
2746,2200

2249,3599
3599,4704
3599,4705
2253,2452
2253,2254
2253,2255
2255,2452
2272,2824
2272,2865
2824,2865
2274,3373
2274,2279
2278,2281
2278,3372
2278,3373
2281,3372
2281,3373
3372,3373
2286,4580
2286,2968
2286,2969
2286,2396
2969,4580
2396,2968
2396,2969
2396,4580
2299,2314
2310,3990
2311,2314
2318,3625
2318,2321
2318,2322
2318,2326
2318,2327
2322,3625
2322,2326
2322,2327
2327,3625
2319,4296
2319,4295
2324,4296
2324,4295
2345,4788
2346,4787
2346,4788
2346,2349
2349,4787
2349,4788
2347,2348
2356,2362
2365,4616
2365,4617
2367,4704
2367,2369
2367,2370
2367,4705
2367,3599
2367,2386
2367,2387
2369,2386
2369,2387
2370,4704
2370,4705
2370,3599
2371,2386
2371,2387
2372,2374
2372,2375
2388,4704
2388,4705
2388,4703
2390,4441
2392,2621
2392,2622
2397,4576
2397,4555
2397,4556
2397,2676
2397,2677
4555,4576
2677,4576
2677,4555
2677,4556
2399,4595
2404,3952
2405,4789
2409,3946
2409,2729
2413,2877
2414,3946
2439,3082
2439,2442
2439,2987
2439,2988
2439,4522
2440,4521
2440,4522
4521,4522
2445,4844
2446,4244
2446,4845
4244,4845
2460,3996
2464,2880
2464,2818
2464,4357
2464,4070
2464,4071
2464,2762
2464,2763
2464,4255
2880,4357
2880,4070
2880,4071
2880,4358
2880,4255
2818,2880
2818,4357
2818,4070
2818,4071
2818,4358
2818,4255
4070,4255
4071,4357
4071,4358
2763,2880
2763,2818
2763,4357
2763,4070
2763,4071
2763,4358
2763,4255
2465,2880
2465,2818
2465,4255
2465,4357
2465,4070
2465,4071
2465,2783
2783,2880
2783,4255
2783,2818
2783,4357
2783,4070
2783,4071
2783,4358
2469,4026
2469,4027
2470,2472
2470,4047
2470,2471
2474,4040
2474,4037
2474,4038
2481,4259
2501,2504
2502,2546
2507,3432
2507,3431
2508,4380
2510,4379
2521,4261
2521,2990
2521,2991
2521,2780
2521,2781
2990,2991
2780,2990
2780,2991
2781,4261
2522,2524
2522,3066
2523,4235
2523,3068
2523,3069
3068,4235
2528,3370
2528,3371
2529,2531
2529,2532
2529,2533
2529,2535
2529,3262
2529,3263
2531,2532
2531,2533
2531,2535
2531,3262
2531,3263
2532,3262
2532,3263
2533,2535
2539,3271
2541,3183
2542,3368
2542,3369
2544,3271
2550,4554
2550,4644
4554,4644
2552,4288
2552,4583
2552,2680
2552,4596
2552,2681
2552,2682
2680,4596
2680,4583
2681,4288
2587,3911
2590,2591
2596,2754
2600,3123
2600,3125
2600,3126
2602,3909
2602,3910
2604,2608
2604,2614
2604,2617
2604,2618
2604,2619
2604,2620
2608,3490
2608,2614
2608,2617
2608,2618
2608,2619
2608,2620
2614,3490
2614,2617
2614,2618
2614,2619
2614,2620
2617,3490
2617,2618
2617,2619
2617,2620
2618,3490
2618,2620
2620,3490
2605,3075
2606,3490
2606,2620
2607,2608
2607,2614
2607,2617
2607,2618
2607,2619
2607,2620
2609,3512
2609,4803
2624,4807
2624,3509
2624,3510
2624,3511
2625,3488
2625,3489
2626,3514
2626,3513
2634,2647
2635,3491
2635,3492
2635,3493
2635,4430
2635,4431
3491,3493
3491,4430
3491,4431
3493,4430
3493,4431
2640,3493
2640,4430
2640,4431
2668,3104
2668,4417
3104,4417
2670,3110
2670,3114
3110,3114
2673,4427
2673,4428
2673,4429
4428,4429
2698,2709
2705,4539
2705,4542
2705,4526
4539,4542
4526,4539
4526,4542
2706,4715
2706,4716
2706,4717
4715,4716
4715,4717
2721,4369
2721,2770
2721,2771
2721,3070
2721,3071
2770,3070
2770,3071
2771,4369
2722,2991
2736,3952
2738,2782
2740,3010
2744,2803
2746,2992
2746,2993
2748,4270
2748,4272
2748,4274
2748,4275
2748,4276
4270,4272
4270,4274
4270,4275
4270,4276
4272,4274
4272,4275
4272,4276
4275,4276
2753,2761
2753,3925
2753,2790
2760,2789
2766,2826
2767,4723
2767,3948
2768,2802
2773,3932
2777,2874
2777,2875
2777,4251
2778,4251
2778,4250
2779,2808
2787,4270
2787,4272
2787,4274
2787,4275
2787,4276
2799,2946
2799,2948
2799,4728
2799,4729
2799,2812
2816,2950
2816,2951
2817,2946
2817,2948
2817,4728
2817,4729
2827,4048
2829,2877
2832,4418
2839,2847
2840,2844
2851,2865
2879,4357
2879,4358
2879,4350
2879,4351
2900,2902
2932,3216
2932,3217
2952,4451
2953,4241
2953,4242
2966,4833
2966,4566
2970,4258
2970,4257
4257,4258
2971,4258
2971,4195
2971,3175
2971,3176
2971,3208
2971,3209
2971,3210
2971,4337
2971,3187
2971,3188
2971,3287
3175,4195
3175,3208
3175,3209
3175,3210
3175,4337
3175,3187
3175,3188
3175,3287
3176,4258
3187,3208
3187,3209
3187,3210
3187,4337
3187,3287
3188,4195
2972,4336
2973,4420
2973,3468
2973,3469
2973,3478
3469,4420
3469,3478
2974,3473
2974,4227
2977,4526
2977,3027
2977,4539
2977,4542
3027,4542
3027,4539
3027,4526
2982,4737
2982,4738
2982,4739
2982,4740
2982,3077
2982,2983
2982,2984
2982,2985
4737,4739
4737,4740
4739,4740
3077,4737
3077,4738
3077,4739
3077,4740
2983,4739
2983,4740
2984,4737
2984,4738
2984,4739
2984,4740
2984,3077
3001,3884
3017,4544
3019,3517
3023,4539
3023,4542
3023,4526
3054,4323
3055,3353
3062,3064
3080,4523
3080,4524
3080,4525
3080,4531
3080,4532
3101,4531
3101,4532
3101,4525
3130,4752
3130,4753
4752,4753
3133,3890
3133,3891
3133,3894
3890,3894
3149,3287
3152,3367
3153,3651
3153,3652
3153,3365
3153,3366
3153,3653
3365,3651
3366,3652
3366,3653
3181,3710
3181,3711
3710,3711
3186,3211
3190,3204
3191,4654
3192,3285
3192,3286
3192,3287
3197,4068
3197,3527
3197,3528
3197,4285
3197,4411
4068,4411
4068,4285
3527,4411
3527,4068
3527,4285
3528,4411
4285,4411
3198,4066
3198,4067
3198,4068
3198,4686
3198,4761
3198,4411
3198,4285
4066,4411
4066,4068
4066,4285
4067,4761
4067,4686
3199,3543
3207,3367
3227,3230
3227,3231
3228,3232
3254,4494
3254,4655
3254,4372
3254,3255
3254,4476
3254,4477
3255,4494
3255,4655
3255,4372
3255,4476
3255,4477
3260,3261
3275,3393
3275,3394
3278,3407
3278,3408
3278,3380
3278,3381
3278,3383
3278,3384
3381,3407
3381,3408
3381,3383
3381,3384
3383,3408
3383,3407
3293,4780
3294,4110
3295,4102
3295,4105
3295,4109
3295,4110
3296,4225
3296,3299
3296,3300
3300,4225
3301,4134
3301,3304
3301,3305
3301,3306
3301,3311
3304,3306
3305,4134
3305,3311
3311,4134
3303,3403
3303,4822
3403,4822
3307,4134
3313,3522
3314,4828
3314,4829
3314,4830
3324,3672
3331,3334
3331,3335
3336,3340
3336,4342
3338,4093
3338,3341
3338,3342
3341,4093
3357,4401
3374,3523
3374,3524
3374,4421
3523,4421
3405,3418
3405,3413
3405,3414
3412,3418
3412,3414
3429,4389
3429,4398
3436,3437
3436,3438
3446,4705
3446,4075
3446,4076
3446,3447
3446,3448
3446,4602
4075,4705
4075,4602
3447,4705
3447,4075
3447,4076
3447,4602
4602,4705
3456,4765
3463,4405
3463,4406
3463,4407
3463,4408
4406,4408
4406,4407
3464,3466
3465,4227
3472,4392
3480,4814
3483,4434
3483,4435
3485,3490
3496,3498
3508,4807
3508,3509
3508,3510
3508,3511
3519,4743
3519,4744
3519,4822
4743,4744
4743,4822
4744,4822
3532,4335
3549,3558
3550,4256
3551,4683
3552,4838
3553,4077
3562,4398
3564,3569
3573,3575
3609,4719
3610,4816
3610,4652
4652,4816
3614,3686
3614,3685
3616,3684
3633,4015
3633,4016
3633,4018
3633,4017
3633,4022
4015,4016
4015,4017
4015,4018
4015,4022
4016,4017
4016,4018
4016,4022
3643,3650
3646,3650
3646,3647
3647,3650
3673,4436
3674,3675
3674,3676
3677,3680
3690,3693
3691,3693
3698,3715
3698,3716
3698,3700
3698,3701
3698,3702
3698,3703
3700,3715
3700,3716
3700,3702
3700,3703
3702,3715
3703,3716
3707,3710
3707,3711
3708,3828
3708,3714
3708,3827
3714,3827
3714,3828
3709,3711
3737,3738
3737,3739
3820,3822
3820,3823
3820,3824
3820,3825
3823,3824
3823,3825
3832,3836
3838,3840
3849,3853
3850,4766
3850,4767
4766,4767
3900,3901
3929,4344
3929,4346
3929,4345
3931,4240
3931,4845
3931,4239
4239,4845
3939,3940
3939,3941
3953,4418
3960,3961
3960,3962
3960,3966
3963,3965
3963,3966
3965,3966
3964,3965
3964,3966
3975,3977
3987,3988
3987,3989
3995,4735
4014,4015
4014,4016
4014,4017
4014,4018
4014,4022
4061,4062
4104,4105
4104,4109
4104,4110
4112,4114
4112,4115
4113,4114
4113,4115
4117,4118
4117,4119
4123,4125
4123,4126
4124,4125
4124,4126
4128,4131
4130,4131
4139,4140
4139,4141
4139,4142
4140,4141
4140,4142
4148,4149
4171,4185
4171,4173
4172,4174
4172,4175
4172,4176
4172,4177
4172,4179
4172,4180
4174,4176
4174,4177
4174,4180
4175,4179
4175,4180
4177,4180
4179,4180
4202,4486
4207,4793
4233,4235
4234,4369
4245,4593
4245,4590
4253,4358
4254,4255
4265,4267
4265,4269
4265,4278
4269,4278
4266,4277
4281,4411
4281,4285
4301,4691
4326,4334
4330,4332
4347,4352
4347,4353
4347,4354
4353,4354
4365,4516
4370,4373
4370,4374
4386,4651
4386,4391
4438,4441
4442,4444
4452,4774
4452,4457
4452,4597
4452,4598
4457,4774
4457,4597
4457,4598
4455,4774
4455,4457
4455,4597
4455,4598
4478,4483
4478,4485
4483,4485
4490,4494
4490,4655
4491,4655
4499,4718
4509,4518
4509,4517
4517,4518
4528,4529
4528,4530
4534,4541
4545,4558
4545,4559
4545,4560
4545,4626
4545,4627
4558,4626
4558,4627
4547,4552
4547,4615
4552,4615
4548,4836
4548,4834
4834,4836
4553,4554
4553,4644
4570,4594
4575,4576
4629,4635
4629,4631
4638,4640
4638,4639
4657,4658
4758,4761
4759,4762
4759,4763
4794,4796
4801,4803
4811,4814
4835,4836
