i,j,distance,label
0,1338,149,0
0,1339,160,1
0,1340,275,0
1,2259,293,0
1,2260,129,1
5,751,116,0
5,752,181,0
5,753,190,1
6,1608,134,1
7,3160,212,0
7,3161,133,0
8,733,223,0
8,734,181,0
8,735,273,0
9,1685,236,0
13,1872,226,0
15,2586,144,0
15,2587,201,0
16,2479,245,0
17,2479,285,0
18,926,198,0
18,927,216,1
19,926,231,0
19,927,210,1
20,2580,208,1
20,2581,117,0
22,245,239,0
22,246,118,0
22,247,234,0
22,248,191,1
23,1195,111,0
23,1196,295,0
23,1197,171,0
24,1682,257,1
25,953,139,1
25,954,235,1
25,955,204,0
26,2911,292,0
26,2912,123,0
27,1002,231,0
27,1003,196,1
28,1166,158,0
28,1167,267,0
29,946,164,0
29,947,290,0
30,4028,157,0
31,2216,132,1
31,2217,115,0
31,2218,272,0
32,2730,293,1
32,2731,154,0
33,601,101,0
34,3904,122,0
34,3905,170,0
34,3906,239,0
35,903,169,0
35,904,276,0
36,2915,207,0
36,2916,105,0
37,2922,252,1
41,2872,117,0
42,4585,125,1
42,4586,204,0
43,4724,156,1
44,67,249,0
45,47,108,0
46,3934,151,0
46,3935,212,0
49,3620,198,1
51,4729,289,1
52,3933,230,1
53,2812,113,1
54,2948,244,0
55,67,152,0
56,58,159,0
56,59,126,0
57,4728,136,0
59,60,111,0
59,61,205,0
60,4679,128,0
62,4679,203,0
63,2948,251,1
64,65,294,1
64,66,292,0
65,2785,185,0
66,2872,239,1
68,2754,249,0
68,2755,198,0
69,340,224,1
70,1666,229,0
71,1667,153,0
71,1668,288,0
72,2167,161,0
76,3626,244,1
76,3627,200,0
77,3139,130,1
77,3140,217,0
78,521,249,0
78,522,212,0
79,4211,238,0
79,4212,182,0
80,81,254,0
80,82,183,1
81,1703,299,0
82,1704,166,1
83,4599,195,0
83,4600,121,1
84,1698,247,0
84,1699,214,0
84,1700,179,0
85,1705,262,1
85,1706,277,0
87,101,292,1
88,3512,126,0
89,4823,199,0
90,3470,134,0
90,3471,258,0
91,3473,232,0
92,93,203,0
92,94,178,0
93,4402,105,1
93,4403,225,1
95,1215,183,0
95,1216,157,1
97,4226,223,1
98,101,194,1
100,4429,269,1
101,1217,114,0
101,1218,137,1
103,255,207,0
103,256,184,1
103,257,290,0
104,106,170,0
105,2636,177,0
105,2637,205,0
106,107,164,0
107,108,165,0
107,109,176,0
108,110,252,0
109,1948,137,0
109,1949,263,0
111,338,194,0
111,339,158,1
112,3913,119,0
113,1194,136,1
114,4350,178,1
114,4351,193,0
115,423,295,0
115,424,215,0
115,425,157,1
116,2809,252,0
117,3923,180,0
119,4048,101,0
120,1842,284,0
123,2768,281,0
123,2769,295,1
124,2423,181,0
124,2424,200,0
125,2833,118,0
126,1368,131,0
127,1369,268,0
127,1370,235,0
128,866,108,0
128,867,145,1
129,4561,264,1
130,4231,155,0
131,134,252,0
131,135,243,1
131,136,253,1
133,1368,113,1
135,2524,194,0
135,2525,250,0
136,1868,255,0
137,1368,248,0
139,1867,140,0
140,3587,114,1
143,4780,264,0
144,3978,268,0
145,1813,261,0
145,1814,175,1
146,654,253,0
146,655,295,0
147,4734,257,0
148,4734,272,0
149,1813,139,0
149,1814,284,1
151,4623,107,1
153,4842,105,0
153,4843,102,0
154,1963,160,1
154,1964,145,1
154,1965,204,0
155,158,155,0
156,4052,103,0
158,161,175,0
158,162,182,1
158,163,100,0
159,164,297,0
159,165,293,0
161,189,160,0
161,190,146,0
161,191,300,0
163,4219,236,0
163,4220,268,0
165,4051,299,1
166,1944,179,0
167,1805,248,0
168,169,122,0
168,170,157,0
168,171,256,1
169,1520,127,0
169,1521,127,1
169,1522,272,0
170,3223,292,0
171,2932,157,1
171,2933,105,1
172,175,178,1
172,176,159,0
173,1041,120,0
173,1042,155,0
175,1063,278,0
175,1064,155,0
176,1078,265,0
178,1039,234,0
178,1040,199,1
179,180,274,0
179,181,100,0
180,1061,288,1
181,1068,127,1
182,1049,238,0
182,1050,172,1
183,1061,286,1
185,1071,158,0
185,1072,259,0
186,1073,130,0
186,1074,296,0
187,3170,294,0
187,3171,126,1
189,1250,168,0
189,1251,151,0
190,1242,232,0
190,1243,288,1
190,1244,253,1
191,1268,273,0
191,1269,132,0
192,2862,206,1
192,2863,214,0
194,2876,171,0
196,682,159,0
196,683,141,0
197,3587,161,1
198,3588,151,1
199,1101,184,0
199,1102,122,0
199,1103,174,0
200,570,151,0
200,571,261,0
202,1441,268,1
203,2724,221,0
203,2725,280,0
203,2726,225,0
204,3997,242,0
205,2271,217,1
206,2820,135,0
208,3947,244,0
209,2031,172,0
209,2032,211,0
210,212,117,0
210,213,160,0
210,214,123,0
211,2511,207,1
211,2512,194,1
213,878,229,0
214,879,101,0
216,218,175,0
216,219,130,0
216,220,206,1
218,804,176,0
220,3961,216,0
220,3962,265,1
222,4007,254,0
222,4008,158,1
223,224,143,0
224,446,255,1
224,447,249,1
224,448,142,0
225,2816,131,0
225,2817,190,0
226,2955,239,1
227,4241,250,1
229,3728,298,1
230,3146,292,0
231,4023,271,0
233,3717,185,1
233,3718,103,1
234,4023,243,0
235,3762,138,0
235,3763,261,0
236,3742,176,0
236,3743,129,1
237,1142,278,0
238,3740,164,0
238,3741,232,0
240,3028,127,0
240,3029,104,0
240,3030,213,0
241,244,241,0
246,2436,272,0
247,1682,133,0
248,2749,269,0
250,2256,201,0
251,1379,120,0
252,1727,149,0
253,2913,234,1
253,2914,151,1
255,4413,271,0
255,4414,133,0
256,4429,155,0
257,2673,220,0
257,2674,190,1
258,3449,243,1
259,3213,228,0
259,3214,113,1
261,1206,293,0
261,1207,165,0
262,3449,173,0
264,1332,201,0
264,1333,282,0
265,3525,104,0
266,4564,239,0
268,361,151,0
268,362,267,0
268,363,254,0
269,3580,146,0
269,3581,102,0
270,516,231,1
270,517,295,0
271,325,225,0
272,3658,251,0
274,1937,246,0
274,1938,142,0
275,4221,298,0
277,3889,215,1
279,3144,204,1
279,3145,221,0
280,929,213,1
281,3884,261,0
282,4613,161,0
283,286,272,0
283,287,150,1
284,1165,198,0
285,881,116,0
285,882,265,0
286,920,290,0
287,288,144,0
287,289,161,0
288,2212,147,0
289,290,221,0
289,291,214,1
291,2578,206,0
291,2579,226,0
292,2573,220,1
295,922,171,1
296,922,238,0
297,299,206,1
297,300,294,0
298,299,115,1
298,300,118,0
301,2569,207,0
304,3365,170,0
304,3366,191,0
306,3367,106,0
308,3614,130,1
308,3615,222,1
308,3616,286,0
309,1136,294,0
310,3735,264,0
310,3736,201,0
312,3034,241,0
312,3035,140,1
313,3040,275,0
314,3630,214,0
314,3631,173,0
315,319,244,1
315,320,184,0
315,321,226,1
316,4419,141,0
317,325,216,1
318,1106,236,0
319,1083,139,0
319,1084,201,1
320,322,201,0
320,323,171,1
320,324,137,0
322,325,151,0
324,326,104,0
324,327,272,0
326,1097,116,1
327,1105,135,0
329,1160,205,1
329,1161,163,1
331,3544,237,0
332,1543,207,0
332,1544,285,0
332,1545,148,0
333,3282,265,0
334,3179,164,1
334,3180,181,0
335,3911,204,1
336,4187,137,1
336,4188,223,0
337,3912,165,1
338,340,213,0
341,1190,185,0
341,1191,125,0
342,1183,241,0
342,1184,121,0
343,1192,239,0
343,1193,278,0
344,2772,233,0
347,3994,204,0
349,956,191,0
349,957,280,0
350,3969,148,0
353,2248,283,1
353,2249,121,1
353,2250,105,1
354,380,264,0
354,381,237,0
354,382,294,1
356,1412,215,0
356,1413,208,0
356,1414,270,0
357,3458,237,0
357,3459,284,0
359,1621,154,1
359,1622,274,0
361,4776,245,0
362,4579,285,0
364,2245,224,1
364,2246,252,0
364,2247,213,0
365,2678,258,0
366,4596,281,0
367,4571,119,1
368,1252,145,0
368,1253,161,1
369,1258,269,1
369,1259,132,0
369,1260,194,0
370,1248,273,1
370,1249,130,0
371,2049,174,0
372,1297,148,1
372,1298,123,0
372,1299,218,0
373,2359,274,0
373,2360,197,0
374,4446,168,0
375,4602,151,0
377,1236,202,0
377,1237,194,0
377,1238,169,0
378,2049,125,0
379,1627,156,1
380,4571,244,0
381,383,184,0
381,384,103,0
384,4461,255,0
385,2293,249,0
385,2294,159,0
385,2295,268,0
385,2296,152,1
386,4833,204,0
389,2309,279,1
390,4787,173,1
391,405,185,0
391,406,262,0
392,1303,237,0
395,1278,262,1
395,1279,235,1
395,1280,158,1
396,1296,286,0
397,4580,261,0
398,1294,180,0
398,1295,146,0
400,411,284,0
401,4463,262,0
401,4464,111,1
401,4465,199,0
402,4788,229,0
403,412,268,0
404,1329,156,1
404,1330,199,1
404,1331,187,0
405,1300,117,0
405,1301,171,0
405,1302,115,0
406,412,279,0
407,1294,188,0
407,1295,177,1
408,2283,114,0
408,2284,201,0
408,2285,270,0
409,4579,129,0
410,1296,259,0
411,2392,134,0
411,2393,178,0
411,2394,182,0
412,4787,235,1
413,2813,130,0
413,2814,201,0
413,2815,178,0
414,2712,126,0
414,2713,215,0
415,2734,149,0
415,2735,226,0
415,2736,223,1
418,4379,192,0
419,4723,143,0
420,2471,201,1
420,2472,234,0
421,2825,239,0
422,2473,244,0
423,2752,269,0
423,2753,266,1
424,2458,221,1
427,429,298,0
427,430,231,0
427,431,122,0
428,2518,216,1
428,2519,186,1
429,2864,110,1
430,4770,174,0
432,4248,270,1
432,4249,276,0
433,436,182,0
433,437,101,0
433,438,272,0
434,2729,286,0
435,2795,283,1
435,2796,139,1
436,4590,144,0
437,2406,256,0
437,2407,186,0
437,2408,180,0
438,439,214,1
438,440,216,0
438,441,168,1
441,4245,210,0
441,4246,119,1
441,4247,253,0
442,4243,281,0
442,4244,101,0
443,788,174,0
443,789,266,1
443,790,110,1
444,783,296,1
444,784,154,0
445,2025,281,0
445,2026,165,1
446,2797,197,1
446,2798,138,0
446,2799,119,1
446,2800,270,0
447,783,300,0
447,784,144,0
448,4242,134,0
449,643,241,1
449,644,226,0
449,645,112,1
450,3872,262,0
451,3872,135,1
452,3139,253,1
452,3140,154,0
453,1987,247,0
453,1988,133,0
453,1989,107,0
454,4292,212,1
455,2179,255,0
455,2180,185,0
455,2181,213,1
457,2819,135,0
459,490,202,1
459,491,102,1
459,492,284,0
460,3667,238,0
461,4669,110,0
462,2187,114,0
462,2188,107,0
463,469,266,0
463,470,244,0
465,1832,227,1
466,4358,118,0
467,2809,259,1
468,4048,153,1
469,4253,106,1
469,4254,249,1
470,4047,299,0
471,2422,290,0
472,3666,222,1
473,4791,110,0
474,3662,195,1
476,480,122,0
476,481,194,0
476,482,179,0
477,2171,204,0
478,2177,127,0
478,2178,183,0
479,4297,216,0
480,4298,120,1
481,591,177,0
481,592,203,1
482,4691,257,0
483,3677,173,0
483,3678,216,1
484,4669,107,1
485,4670,216,1
485,4671,174,1
487,4673,230,0
489,4672,194,1
490,3666,201,0
491,2182,117,0
491,2183,254,0
493,2213,234,1
493,2214,128,0
493,2215,181,0
494,4290,233,0
495,728,262,0
495,729,291,0
495,730,237,1
496,2317,225,0
496,2318,239,1
496,2319,129,0
497,2320,225,0
498,1937,222,0
498,1938,286,1
499,1998,257,0
500,4022,236,0
501,504,146,0
501,505,213,1
502,518,147,0
502,519,153,0
502,520,188,1
506,538,227,0
506,539,218,1
506,540,149,0
508,1107,223,0
508,1108,188,1
508,1109,267,0
510,4682,272,1
511,1512,183,0
512,541,113,0
514,711,171,0
514,712,229,0
515,1512,202,0
516,736,132,0
517,2546,173,0
518,1990,141,0
518,1991,195,1
518,1992,268,0
519,4292,179,1
520,2650,104,0
521,4017,223,1
522,3628,188,0
523,4017,214,0
525,3688,140,1
525,3689,297,0
526,3181,112,0
526,3182,203,1
527,3829,157,1
528,932,206,1
528,933,215,0
532,3820,128,1
534,3281,243,0
535,1113,294,0
535,1114,173,0
536,3646,278,0
537,3643,190,1
537,3644,220,0
539,4682,184,0
540,541,191,0
541,3651,160,0
543,3640,257,0
543,3641,291,1
545,3829,240,0
547,3179,111,1
547,3180,181,1
548,1542,112,0
549,3543,167,1
550,1143,152,0
550,1144,227,0
550,1145,144,1
551,3798,192,0
551,3799,257,1
553,3750,129,0
553,3751,273,0
554,3715,281,0
555,1141,178,0
556,3826,164,0
557,1132,140,0
558,1561,280,0
559,4310,219,1
559,4311,186,0
559,4312,114,0
560,1505,228,0
560,1506,194,1
561,713,231,1
561,714,102,1
561,715,141,0
562,1505,125,0
562,1506,276,1
563,1513,154,1
565,3830,245,0
565,3831,221,1
566,570,253,0
566,571,121,0
567,736,248,0
568,3657,276,1
569,747,207,0
570,731,210,1
570,732,282,0
572,575,261,1
572,576,235,1
573,1666,151,1
575,1664,116,0
575,1665,109,0
576,945,205,0
578,580,138,0
578,581,189,0
579,4028,205,0
580,2469,180,0
580,2470,134,0
581,945,151,1
582,2202,114,0
582,2203,109,1
582,2204,273,1
583,3671,298,0
584,4024,196,0
584,4025,288,0
585,2598,212,1
585,2599,244,0
588,593,248,1
588,594,184,1
588,595,107,1
590,591,251,0
590,592,162,0
591,2172,129,0
592,2173,248,0
593,2167,143,0
594,596,221,0
594,597,153,0
595,2172,230,0
596,2205,168,1
596,2206,123,0
599,601,294,0
601,3010,100,1
602,2821,141,0
602,2822,228,1
603,910,168,0
604,2477,128,1
604,2478,288,1
605,2481,160,0
605,2482,149,0
606,4259,162,0
607,921,118,0
608,910,221,1
609,3936,161,0
610,1376,256,0
610,1377,169,0
610,1378,211,1
611,2910,100,1
612,2921,297,0
613,2906,179,1
614,1727,121,0
615,2906,132,1
616,1723,152,0
616,1724,170,1
616,1725,274,1
617,1722,192,0
618,883,128,0
618,884,171,0
618,885,130,1
620,1722,173,1
621,622,136,0
621,623,112,0
622,892,173,1
626,929,237,0
627,918,251,0
627,919,106,1
629,3918,271,0
629,3919,234,0
630,4612,211,0
631,908,234,1
631,909,213,0
633,2683,127,1
636,641,267,0
636,642,211,0
638,4677,157,0
638,4678,195,0
640,3865,213,0
640,3866,277,0
641,643,286,0
641,644,229,0
641,645,113,1
642,3137,125,0
642,3138,194,0
643,2421,133,0
644,2491,267,0
644,2492,245,1
645,2692,122,0
645,2693,245,0
646,2857,136,0
648,1973,144,0
648,1974,248,0
650,2897,212,0
652,2859,211,0
652,2860,272,1
652,2861,218,1
653,3592,235,1
653,3593,206,0
655,4781,238,0
658,1975,146,1
659,2902,274,0
662,3247,149,0
663,3232,178,0
664,3226,190,1
665,2591,202,0
666,3234,102,0
666,3235,101,0
667,4781,274,0
668,3246,108,1
669,1881,106,0
670,1884,228,0
671,961,161,0
671,962,224,0
671,963,122,0
672,3238,191,1
672,3239,109,0
673,978,289,0
675,3240,151,0
675,3241,122,0
679,689,181,0
679,690,272,0
680,3590,256,0
682,3591,262,1
683,684,253,0
683,685,171,0
684,2839,283,0
684,2840,113,0
685,4780,273,0
686,691,298,0
686,692,154,0
687,695,255,0
687,696,139,0
688,697,275,0
689,693,124,1
689,694,221,1
690,3596,268,0
691,2515,139,0
691,2516,224,1
691,2517,300,0
693,697,105,1
694,3589,285,1
695,3588,223,0
696,3589,149,1
697,698,194,0
697,699,164,0
698,2886,103,0
698,2887,227,0
699,3594,230,1
699,3595,148,0
700,3358,120,0
701,1810,141,1
701,1811,289,0
701,1812,115,1
702,1500,234,0
702,1501,176,0
702,1502,268,1
703,3656,190,0
704,708,118,0
704,709,296,0
704,710,198,1
706,1562,168,0
706,1563,246,1
707,4223,182,0
708,4094,296,0
710,1071,174,0
710,1072,111,0
712,3361,147,0
712,3362,292,0
713,4313,237,0
713,4314,221,1
715,3361,189,0
715,3362,259,0
716,719,292,0
716,720,282,0
717,1507,175,0
717,1508,241,0
718,1561,145,0
719,1540,256,0
719,1541,161,0
720,1587,247,0
720,1588,217,1
723,3046,296,0
724,4031,212,1
724,4032,185,0
724,4033,216,0
724,4034,217,0
725,747,214,0
727,728,186,1
727,729,210,0
727,730,226,1
728,1483,201,0
728,1484,208,0
728,1485,177,1
729,2500,240,1
730,3359,134,0
732,1441,112,0
734,1830,294,0
734,1831,112,0
735,3047,132,1
735,3048,202,0
736,2500,190,0
737,4082,219,1
738,1596,109,0
739,4081,122,0
740,4082,251,1
741,748,114,0
741,749,177,0
741,750,116,0
743,1100,162,0
744,3657,205,0
748,1435,200,0
748,1436,294,1
749,1439,112,0
749,1440,234,0
750,3660,172,0
751,4289,145,0
752,754,297,0
752,755,160,0
753,1685,195,0
754,1219,129,0
754,1220,299,1
755,759,116,0
757,4829,292,0
757,4830,255,1
758,759,215,0
759,2276,168,0
761,1422,230,0
761,1423,238,1
762,1327,232,1
762,1328,276,0
764,860,116,1
764,861,165,0
765,1371,174,0
765,1372,114,0
766,3521,192,0
767,3313,159,0
767,3314,214,0
768,778,201,1
768,779,262,1
769,3531,146,0
770,3555,255,0
770,3556,219,0
772,778,141,0
772,779,173,1
773,2277,210,1
774,2947,193,0
775,2282,293,0
776,4563,100,0
777,850,128,1
777,851,248,1
777,852,299,0
778,1325,211,0
778,1326,235,0
779,865,209,1
784,2020,161,1
784,2021,201,1
785,3930,245,0
787,3928,154,0
787,3929,138,0
789,2022,106,0
790,2023,284,0
790,2024,106,0
791,802,100,1
791,803,275,0
792,794,244,1
792,795,129,0
792,796,254,0
793,2898,198,0
794,3976,115,0
795,4450,232,0
797,2892,101,0
798,802,298,1
798,803,215,0
799,800,109,1
799,801,293,0
800,804,275,0
803,804,109,0
804,2513,186,0
804,2514,230,0
805,809,233,0
805,810,134,1
807,817,285,0
807,818,204,1
807,819,160,1
808,4591,217,0
808,4592,129,1
809,2801,277,0
811,3998,112,0
812,3924,157,0
813,2456,166,0
813,2457,231,0
814,3998,228,0
816,3996,265,0
817,2777,185,1
817,2778,137,1
817,2779,284,0
818,2820,140,1
819,4248,187,1
819,4249,141,0
820,2454,197,0
820,2455,279,0
821,4354,138,0
823,2752,127,0
823,2753,271,1
824,1467,214,1
824,1468,124,1
825,2786,289,0
826,828,153,0
826,829,230,0
826,830,114,0
827,1777,101,0
827,1778,173,0
828,835,211,0
828,836,278,0
829,3922,237,1
830,1833,265,1
831,1334,272,0
831,1335,126,0
831,1336,300,0
832,2737,239,0
832,2738,104,0
833,3922,212,0
834,2768,100,0
834,2769,169,1
836,2786,203,0
837,4039,118,0
838,1777,231,0
838,1778,152,0
839,1467,183,0
839,1468,120,0
840,1464,185,0
840,1465,264,1
840,1466,237,1
841,996,135,0
841,997,223,1
844,1830,123,1
844,1831,194,1
846,3049,107,0
847,1609,154,0
847,1610,234,1
848,3049,153,0
849,994,285,1
849,995,205,0
850,3316,111,0
850,3317,131,1
851,3545,236,0
852,4564,120,0
853,2939,100,0
853,2940,204,0
854,4562,129,0
855,3315,167,0
856,2282,134,1
857,1373,227,1
857,1374,205,0
857,1375,211,0
858,1873,155,1
858,1874,230,1
859,4228,207,0
859,4229,234,1
861,862,169,0
861,863,268,0
861,864,206,1
862,3522,219,0
863,868,109,1
863,869,126,1
864,865,213,0
865,2277,242,1
866,4562,192,0
868,2277,100,1
873,880,222,0
874,876,179,0
874,877,283,0
875,3961,299,1
875,3962,237,0
876,878,198,0
878,880,106,1
881,920,222,0
882,2582,202,0
884,886,213,0
884,887,138,0
885,1183,202,1
885,1184,153,1
887,888,290,0
887,889,200,1
888,893,101,0
888,894,181,0
889,890,286,0
889,891,294,0
891,892,169,0
892,2749,281,0
893,1183,211,1
893,1184,144,0
895,3867,232,1
895,3868,226,0
896,3865,132,1
896,3866,265,0
899,1110,204,0
899,1111,145,0
899,1112,263,1
900,2650,100,0
903,3898,135,1
903,3899,277,0
904,3889,135,0
908,4750,287,0
909,2419,254,1
909,2420,190,0
910,930,283,1
910,931,107,1
911,921,239,1
913,2555,192,0
913,2556,181,0
913,2557,141,0
913,2558,149,1
914,2487,175,0
914,2488,112,0
915,923,135,0
916,3921,101,1
919,2421,121,1
920,2578,214,0
920,2579,188,0
921,930,149,0
921,931,154,0
923,924,240,0
923,925,264,0
924,4612,248,0
925,948,132,0
925,949,271,0
928,2572,251,1
930,2477,217,0
930,2478,182,1
931,2573,209,1
932,1515,156,0
934,3671,269,1
935,2201,144,1
936,3672,112,0
937,3158,256,0
937,3159,166,0
941,3901,101,0
946,1842,284,0
947,4026,158,0
947,4027,240,0
948,2485,263,1
948,2486,245,0
949,3921,245,0
950,2903,249,0
952,3936,233,1
953,2922,224,1
956,1881,182,1
957,2897,221,0
959,978,181,0
960,1642,273,0
961,3242,121,0
964,2361,277,0
965,3982,255,0
966,3980,166,0
966,3981,236,0
967,2361,213,1
968,974,183,0
969,2310,272,1
969,2311,194,0
970,2352,259,0
970,2353,213,1
971,3984,274,1
972,1815,291,0
972,1816,184,0
974,1957,174,0
974,1958,200,1
975,982,221,0
975,983,155,0
977,2885,167,0
978,1640,211,0
978,1641,136,0
979,1815,267,0
979,1816,268,1
980,2304,139,1
980,2305,155,0
981,3979,206,1
982,2866,163,0
982,2867,248,0
983,2868,228,1
987,1956,238,0
988,1962,189,0
989,2308,293,0
991,4621,213,0
992,2400,140,0
992,2401,285,0
993,1956,289,1
994,996,280,1
994,997,265,0
995,4236,251,0
997,1365,200,1
997,1366,258,0
997,1367,168,0
998,3542,151,1
1001,1540,228,0
1001,1541,199,1
1002,1165,105,0
1003,1004,110,1
1003,1005,281,1
1003,1006,233,1
1004,1168,140,0
1004,1169,188,1
1004,1170,132,0
1005,1178,300,0
1005,1179,257,0
1006,1166,269,0
1006,1167,215,1
1007,1021,260,1
1007,1022,244,0
1008,1027,272,1
1008,1028,297,0
1009,1270,256,0
1010,1020,300,1
1011,1029,110,0
1012,1014,112,0
1012,1015,186,0
1013,1030,255,0
1014,1033,277,1
1015,1016,205,0
1015,1017,218,1
1016,1018,170,0
1016,1019,170,0
1017,1270,170,0
1019,1020,259,0
1020,1037,142,0
1020,1038,217,0
1021,1033,103,0
1022,1023,106,1
1022,1024,182,1
1023,1025,227,0
1023,1026,120,0
1024,1030,213,0
1025,1029,218,1
1026,2526,193,0
1027,1276,263,0
1027,1277,188,0
1028,2526,151,0
1029,1031,200,1
1029,1032,184,1
1030,1034,106,0
1030,1035,121,0
1030,1036,125,1
1031,4485,229,0
1034,4079,105,1
1034,4080,106,0
1035,1578,278,0
1038,3050,164,0
1041,1047,246,0
1041,1048,258,0
1042,4079,232,0
1042,4080,103,0
1043,1047,138,1
1043,1048,106,0
1045,3546,112,0
1047,4709,170,1
1050,4710,101,1
1051,1082,295,0
1052,4708,124,1
1053,4709,218,1
1054,4708,135,0
1055,1065,215,0
1058,3547,221,1
1059,1078,106,1
1060,1062,253,0
1061,1062,179,1
1062,3546,107,0
1063,1065,236,0
1064,1075,113,1
1064,1076,286,0
1064,1077,162,0
1065,1066,294,0
1065,1067,222,0
1066,1069,281,1
1066,1070,152,0
1067,1068,158,0
1068,4065,231,0
1070,4710,290,0
1071,1573,283,0
1072,3535,201,1
1072,3536,289,0
1073,1396,137,0
1073,1397,109,1
1074,1584,290,0
1075,2654,202,1
1076,1603,159,1
1076,1604,175,0
1077,3547,158,0
1078,1082,155,0
1079,1105,157,0
1080,1579,122,0
1080,1580,141,0
1082,1534,193,0
1082,1535,113,0
1083,1104,186,1
1084,1095,192,1
1084,1096,167,0
1087,1104,153,0
1088,1095,160,0
1088,1096,171,0
1089,4419,283,1
1090,1092,169,1
1090,1093,282,0
1090,1094,134,0
1091,1106,270,0
1092,3658,206,0
1093,1097,191,0
1095,1097,243,1
1097,1098,170,0
1097,1099,150,0
1099,1100,256,0
1101,1683,170,0
1101,1684,154,0
1102,3660,264,0
1104,1105,273,0
1106,2546,106,0
1107,4680,111,0
1107,4681,219,0
1108,3694,200,0
1111,2996,242,0
1112,4680,220,0
1112,4681,121,1
1113,3694,219,0
1114,3648,167,0
1115,3646,110,1
1116,3642,109,0
1118,1128,166,0
1118,1129,235,0
1119,1130,139,0
1119,1131,151,0
1120,1122,270,0
1120,1123,218,0
1120,1124,226,1
1121,1141,282,1
1122,1139,100,1
1122,1140,174,1
1123,1125,189,0
1123,1126,274,0
1123,1127,192,0
1126,1128,190,0
1126,1129,210,0
1128,3648,162,1
1129,3645,159,0
1130,1132,192,1
1131,1136,218,0
1133,3645,257,0
1134,1137,220,0
1134,1138,295,0
1137,3684,201,1
1140,1141,249,0
1141,1142,249,0
1142,1895,238,0
1143,3821,170,0
1144,3815,174,1
1144,3816,237,0
1145,3814,192,0
1146,1150,188,0
1146,1151,209,1
1146,1152,256,1
1147,2931,194,1
1148,2684,134,0
1148,2685,215,0
1148,2686,193,0
1150,2687,140,0
1151,1153,157,0
1151,1154,163,0
1151,1155,116,0
1152,2244,130,0
1153,1160,285,0
1153,1161,130,1
1154,1156,146,0
1154,1157,286,0
1156,1739,135,0
1156,1740,126,0
1157,1158,180,0
1157,1159,205,0
1159,3604,118,0
1160,4061,178,1
1161,1941,183,0
1161,1942,129,1
1165,1178,186,0
1165,1179,128,0
1166,1171,218,1
1166,1172,186,0
1167,1176,200,1
1167,1177,116,0
1168,1171,275,0
1168,1172,180,1
1169,4260,257,1
1170,1202,250,0
1170,1203,161,1
1171,1201,285,0
1172,1204,118,1
1174,1201,298,0
1175,1757,233,0
1176,1201,102,0
1177,2917,189,1
1178,1202,173,0
1178,1203,127,1
1179,2585,258,0
1180,1204,261,0
1181,1194,240,0
1183,2910,172,0
1184,1185,154,1
1184,1186,258,0
1184,1187,294,0
1184,1188,137,1
1184,1189,194,0
1186,2794,189,0
1187,1190,112,1
1187,1191,181,0
1188,1205,104,0
1189,2910,269,0
1190,1192,241,0
1190,1193,239,0
1192,2756,151,0
1192,2757,205,0
1193,3312,116,1
1194,4260,101,1
1195,2732,169,1
1195,2733,202,1
1196,2756,221,1
1196,2757,110,0
1197,3124,254,0
1198,1205,212,1
1199,2956,222,0
1202,3914,156,0
1202,3915,127,0
1204,1757,145,0
1205,2956,270,0
1206,2495,253,0
1206,2496,231,1
1208,1211,218,0
1208,1212,196,0
1209,3454,131,0
1210,1655,234,0
1212,1213,288,0
1212,1214,106,1
1215,2671,259,1
1215,2672,134,0
1216,4194,166,0
1217,4103,116,1
1217,4104,185,1
1218,2660,202,0
1218,2661,204,0
1219,1225,215,1
1219,1226,252,1
1221,2038,289,0
1221,2039,122,0
1222,3155,216,1
1222,3156,134,1
1222,3157,221,0
1223,1762,183,1
1223,1763,204,0
1223,1764,185,0
1226,1685,235,0
1227,1230,292,0
1227,1231,273,0
1228,2480,115,1
1229,3378,169,0
1230,1635,204,1
1230,1636,183,0
1230,1637,135,0
1231,1639,182,1
1232,4601,259,0
1233,3578,194,1
1234,3439,228,1
1236,3404,132,1
1236,3405,125,0
1237,3379,250,1
1239,1627,118,0
1240,3415,175,1
1240,3416,220,0
1241,3413,102,0
1242,1245,275,1
1242,1246,258,0
1242,1247,194,0
1244,1252,291,0
1244,1253,285,1
1245,1248,208,1
1245,1249,233,0
1247,1261,297,0
1248,3279,183,1
1248,3280,229,1
1249,1261,215,1
1250,1266,136,0
1250,1267,178,0
1257,1262,103,1
1257,1263,119,0
1259,1264,129,1
1259,1265,135,1
1261,4629,268,0
1261,4630,149,0
1263,3168,104,1
1263,3169,135,0
1267,4051,288,0
1268,2707,171,1
1270,4363,244,0
1270,4364,284,1
1271,3204,268,0
1273,1274,129,0
1273,1275,299,0
1274,2038,125,0
1274,2039,233,0
1275,3189,146,1
1275,3190,231,1
1275,3191,177,0
1276,4654,131,0
1278,1292,184,1
1278,1293,174,1
1279,1281,234,0
1279,1282,122,1
1279,1283,113,1
1281,1284,102,1
1281,1285,228,0
1281,1286,196,1
1282,2344,145,0
1284,1290,267,0
1284,1291,224,1
1285,1287,155,0
1285,1288,248,0
1285,1289,132,0
1286,1316,154,0
1286,1317,253,0
1286,1318,216,0
1287,2381,176,1
1287,2382,218,0
1287,2383,106,0
1288,1346,171,0
1288,1347,216,0
1289,4775,162,0
1290,1303,274,1
1291,2344,150,0
1292,2126,166,1
1292,2127,285,0
1292,2128,264,1
1293,2119,180,0
1293,2120,291,0
1294,2122,174,0
1294,2123,252,1
1296,4565,186,1
1296,4566,116,0
1297,4601,287,0
1298,3578,290,0
1299,2354,119,1
1299,2355,107,0
1300,2350,117,0
1301,1303,204,0
1302,1313,290,0
1302,1314,103,0
1302,1315,151,0
1303,1321,100,0
1304,1307,103,0
1304,1308,153,0
1304,1309,189,0
1306,3579,252,0
1307,1639,149,1
1308,1621,251,0
1308,1622,208,0
1309,4393,266,0
1309,4394,247,0
1312,4421,244,0
1313,1353,290,0
1313,1354,123,0
1313,1355,248,1
1313,1356,280,0
1314,1321,149,0
1315,2350,162,0
1316,1321,175,1
1317,1346,175,0
1317,1347,294,0
1318,1319,233,0
1318,1320,174,0
1319,1357,125,1
1320,1358,217,0
1320,1359,186,0
1321,1357,129,0
1322,3526,132,0
1323,2655,247,1
1323,2656,117,0
1324,3457,175,1
1325,3555,171,1
1325,3556,113,0
1327,1662,217,0
1327,1663,144,1
1330,3555,235,0
1330,3556,114,1
1332,1360,184,0
1332,1361,262,1
1333,2659,274,1
1334,2782,282,1
1335,1833,187,0
1336,4237,220,0
1336,4238,226,0
1338,4631,261,0
1340,1343,102,1
1340,1344,160,1
1340,1345,145,1
1341,3162,260,1
1341,3163,258,0
1343,2259,178,0
1343,2260,133,0
1344,2060,266,0
1344,2061,127,1
1345,4604,257,0
1346,2384,172,1
1347,1358,223,0
1347,1359,147,0
1348,4698,264,0
1349,2391,300,0
1350,2965,115,1
1351,2961,278,0
1353,4618,128,0
1354,3576,257,0
1354,3577,291,1
1356,1357,199,1
1357,4618,266,0
1358,4619,173,0
1359,4700,227,1
1360,1371,171,1
1360,1372,201,0
1361,3521,279,0
1362,1371,212,1
1362,1372,140,0
1367,2941,232,0
1367,2942,195,1
1368,4230,206,1
1369,3584,253,0
1370,1851,191,1
1373,3315,167,0
1374,2941,171,1
1374,2942,143,0
1375,4230,177,0
1376,1379,176,0
1379,2436,242,0
1380,1837,258,0
1381,1836,211,0
1382,1383,203,0
1382,1384,291,0
1384,4237,158,0
1384,4238,134,0
1385,1549,235,0
1385,1550,146,0
1386,1555,251,1
1386,1556,221,0
1387,3542,105,1
1388,3841,249,1
1389,1460,102,0
1389,1461,115,1
1390,1462,300,0
1390,1463,143,1
1391,2332,166,0
1391,2333,206,0
1391,2334,161,0
1392,1584,298,0
1394,1396,285,0
1394,1397,183,0
1397,4222,254,0
1398,4761,258,0
1399,4381,124,0
1399,4382,299,1
1400,3450,208,1
1400,3451,224,0
1401,4772,176,0
1404,1405,285,1
1404,1406,167,0
1405,4757,203,0
1406,4381,147,1
1406,4382,228,1
1407,3450,156,0
1407,3451,116,0
1408,4700,276,1
1409,2965,161,0
1410,2961,151,1
1411,4616,184,0
1411,4617,223,0
1412,3599,186,0
1414,4705,296,1
1415,1439,208,0
1415,1440,193,0
1416,3661,130,0
1417,1427,258,1
1417,1428,205,0
1418,4289,137,0
1419,1608,181,0
1421,1422,224,1
1421,1423,289,0
1422,3184,127,0
1422,3185,158,0
1422,3186,134,0
1423,3553,193,1
1423,3554,204,1
1424,2276,229,1
1425,1424,135,0
1425,1425,201,0
1426,2276,256,1
1427,1429,283,0
1427,1430,276,0
1429,1781,170,0
1430,1607,221,0
1431,1435,297,0
1431,1436,294,0
1432,1781,221,0
1433,4081,169,0
1434,1599,129,1
1435,1437,219,0
1435,1438,223,0
1437,1782,236,0
1440,1782,291,0
1441,3160,298,1
1441,3161,268,0
1442,1607,245,0
1443,1448,150,0
1443,1449,254,0
1444,3546,205,1
1445,1446,111,0
1445,1447,149,0
1447,1573,132,0
1453,1551,234,1
1453,1552,215,0
1455,3539,218,0
1456,1555,113,1
1456,1556,217,0
1457,1551,172,1
1457,1552,279,1
1458,1553,118,0
1458,1554,210,0
1459,3842,219,0
1459,3843,211,0
1460,3840,179,0
1461,1793,115,0
1462,3339,283,0
1462,3340,167,0
1464,4035,238,0
1464,4036,261,0
1465,1834,218,1
1465,1835,159,0
1466,1826,243,1
1466,1827,279,1
1466,1828,183,0
1466,1829,166,1
1467,2819,147,0
1469,1615,278,0
1469,1616,271,1
1471,1934,111,0
1471,1935,245,1
1471,1936,178,1
1472,3638,195,0
1472,3639,204,0
1474,1476,295,1
1474,1477,227,0
1475,1807,189,1
1475,1808,205,0
1476,2209,201,0
1479,1481,118,1
1479,1482,266,0
1480,2005,115,0
1481,1615,132,0
1481,1616,229,0
1483,3359,256,0
1484,3656,253,0
1485,2207,182,0
1485,2208,238,0
1486,3329,221,0
1486,3330,248,0
1487,1503,282,1
1487,1504,161,0
1488,1585,153,0
1488,1586,122,0
1489,4771,247,0
1490,3539,113,0
1492,1585,251,0
1492,1586,171,1
1493,3170,236,0
1493,3171,114,1
1496,4063,100,0
1496,4064,244,0
1499,4053,222,0
1499,4054,202,0
1500,3360,232,1
1501,3656,292,0
1503,4044,256,0
1503,4045,168,0
1503,4046,265,0
1504,4307,132,0
1505,1514,270,0
1507,1514,101,0
1508,1509,114,1
1508,1510,111,0
1508,1511,228,1
1509,1513,139,1
1510,1515,178,0
1511,1587,144,1
1511,1588,118,0
1512,3654,102,0
1513,1514,299,0
1514,1561,196,0
1515,1542,178,0
1516,4257,179,0
1517,3544,293,0
1518,4336,113,0
1520,4378,141,1
1521,3607,291,0
1522,1944,227,0
1523,4378,233,0
1525,2116,102,0
1525,2117,175,1
1527,4451,270,0
1528,2118,128,0
1529,2257,220,0
1529,2258,245,0
1530,3927,197,0
1531,2789,139,0
1532,2434,229,0
1532,2435,168,0
1534,1589,128,0
1536,4050,111,0
1537,3248,139,0
1537,3249,284,0
1541,4303,159,0
1541,4304,196,1
1541,4305,118,0
1543,3281,128,0
1544,4720,103,1
1544,4721,274,0
1548,4720,181,0
1548,4721,147,1
1549,3837,114,0
1549,3838,162,1
1550,1731,133,1
1550,1732,266,1
1551,3844,222,0
1554,4690,298,0
1555,3839,105,0
1556,3540,250,0
1556,3541,254,1
1557,1564,286,0
1557,1565,144,0
1558,2339,105,1
1558,2340,207,0
1560,1562,102,1
1560,1563,226,1
1561,4308,150,0
1561,4309,275,1
1562,4092,142,0
1563,1564,219,0
1563,1565,205,0
1566,4083,169,0
1566,4084,171,0
1570,2498,298,0
1570,2499,141,0
1571,4085,189,0
1571,4086,155,0
1572,1578,281,1
1573,4065,193,0
1574,3336,214,1
1574,3337,151,0
1574,3338,173,1
1575,4092,217,1
1577,1982,216,0
1577,1983,259,0
1578,2498,286,0
1578,2499,217,1
1579,1596,143,0
1580,1589,102,1
1581,4222,203,0
1582,2504,114,1
1584,3328,193,0
1585,3328,167,0
1586,4306,264,0
1587,1890,203,0
1587,1891,134,0
1592,1599,112,0
1593,1605,208,0
1593,1606,270,0
1594,4505,236,0
1594,4506,184,1
1595,1597,155,0
1595,1598,195,0
1597,1603,141,0
1597,1604,145,0
1598,1600,226,1
1598,1601,243,0
1598,1602,276,0
1601,4505,261,0
1601,4506,262,0
1602,1779,126,0
1602,1780,228,0
1604,1605,178,0
1604,1606,271,1
1606,4361,184,0
1606,4362,113,1
1607,3211,137,0
1608,3211,157,1
1609,2994,230,0
1609,2995,257,0
1610,1841,245,1
1612,2994,259,1
1612,2995,296,0
1616,2005,194,1
1617,2002,232,1
1617,2003,248,0
1617,2004,249,0
1618,4297,253,0
1619,2174,289,0
1619,2175,140,1
1619,2176,156,1
1620,4791,219,0
1621,3579,296,1
1622,1626,113,1
1623,1627,243,1
1624,1626,258,0
1626,1628,249,0
1627,1628,239,0
1628,1638,149,0
1630,3372,108,0
1631,1632,284,0
1631,1633,220,0
1631,1634,200,0
1632,2279,279,0
1633,3273,183,0
1634,3375,201,0
1635,2043,254,0
1635,2044,250,1
1635,2045,217,1
1636,2050,225,0
1637,1638,122,1
1638,2050,223,1
1639,3375,163,0
1640,1642,261,0
1641,1649,232,0
1642,1646,240,1
1642,1647,203,0
1643,1649,130,0
1644,3226,139,1
1645,1648,106,0
1646,1648,254,1
1650,1653,236,0
1650,1654,258,0
1651,1655,282,1
1653,2633,227,0
1654,2633,248,0
1655,2129,277,0
1655,2130,183,0
1656,3479,252,0
1659,1943,130,0
1660,4336,281,0
1661,3177,232,0
1661,3178,235,1
1664,1676,170,0
1664,1677,121,0
1664,1678,269,0
1665,1666,130,1
1666,2744,159,0
1666,2745,165,1
1666,2746,174,1
1668,1681,135,0
1669,1673,295,1
1669,1674,150,0
1669,1675,170,0
1670,1679,147,1
1670,1680,166,0
1671,1743,192,0
1671,1744,289,0
1672,1753,298,0
1673,2957,248,0
1673,2958,172,0
1674,1681,141,0
1676,1750,292,0
1678,1681,122,1
1679,1832,132,0
1680,3124,299,0
1681,3913,257,0
1683,3661,157,1
1684,3212,243,0
1685,3212,212,0
1686,1708,202,0
1686,1709,285,1
1687,2592,170,1
1687,2593,248,1
1688,3548,214,1
1689,4286,262,1
1689,4287,155,0
1690,4597,296,1
1695,4062,223,0
1696,1697,244,0
1697,2683,222,0
1698,1701,196,0
1698,1702,267,0
1699,1707,212,0
1700,2583,135,0
1700,2584,217,0
1701,1703,268,0
1702,1704,183,0
1703,1707,148,0
1704,4598,196,0
1705,1707,262,0
1706,4825,179,0
1707,2261,151,1
1708,3204,277,0
1709,3529,105,1
1709,3530,274,1
1710,4744,116,0
1711,4185,143,1
1714,3400,113,0
1717,4772,131,1
1718,4773,269,0
1719,4684,193,0
1719,4685,275,0
1720,3452,173,0
1720,3453,167,0
1722,1726,204,1
1723,2904,234,1
1723,2905,144,1
1725,1726,216,0
1726,1728,177,0
1726,1729,196,0
1726,1730,211,0
1727,2904,249,1
1727,2905,221,0
1729,4724,139,1
1734,1733,163,1
1734,1734,247,1
1737,2931,274,1
1739,3604,140,0
1740,3605,213,0
1741,1741,281,1
1741,1742,209,0
1742,4089,240,0
1742,4090,206,0
1743,1745,272,0
1743,1746,192,0
1744,1755,247,0
1744,1756,276,1
1746,1751,280,0
1746,1752,191,1
1747,1750,107,0
1748,1754,132,0
1750,2473,280,0
1751,1754,267,0
1752,1753,149,0
1755,4186,167,0
1756,2825,107,0
1760,3245,117,0
1763,1765,105,1
1763,1766,232,0
1763,1767,293,0
1764,2036,249,1
1764,2037,222,1
1766,3395,290,0
1767,1772,199,0
1767,1773,283,0
1768,1771,261,0
1769,2480,239,0
1771,1771,254,1
1774,2412,100,1
1774,2413,255,0
1775,2006,141,0
1775,2007,114,0
1776,2882,140,0
1776,2883,183,1
1777,1834,235,0
1777,1835,259,0
1779,4513,156,0
1779,4514,106,1
1780,2654,222,1
1783,1922,104,0
1783,1923,230,0
1785,3172,294,0
1785,3173,131,0
1785,3174,282,1
1786,3283,292,1
1786,3284,196,0
1787,3172,149,0
1787,3173,266,1
1787,3174,271,0
1788,1793,263,0
1790,1793,294,0
1791,3283,135,0
1791,3284,250,1
1792,2341,184,1
1792,2342,139,1
1792,2343,256,0
1793,3845,159,0
1794,4767,227,1
1795,3855,123,0
1796,1798,217,0
1796,1799,221,0
1797,3847,129,0
1798,3854,111,1
1799,2337,285,0
1799,2338,217,1
1801,1803,297,0
1801,1804,271,0
1802,4722,237,0
1803,3814,119,0
1804,2687,250,0
1807,4695,115,0
1809,4793,159,0
1811,3360,163,0
1812,3334,149,0
1812,3335,291,0
1814,3979,203,1
1815,3983,105,0
1816,2302,146,0
1816,2303,218,0
1817,3983,255,0
1818,3978,292,0
1820,2121,271,1
1821,2124,238,0
1822,2165,133,0
1822,2166,137,0
1823,2874,205,0
1823,2875,200,0
1826,4037,255,0
1826,4038,205,0
1827,1837,129,0
1828,3047,114,0
1828,3048,144,1
1829,3047,120,1
1829,3048,174,0
1832,4794,297,1
1832,4795,110,1
1834,1837,108,0
1835,1836,196,0
1838,1841,247,1
1839,1841,287,0
1840,3046,278,0
1842,2422,159,0
1843,1850,172,1
1845,3582,181,0
1846,3582,224,1
1848,3580,150,0
1848,3581,245,0
1849,1850,133,0
1850,1851,292,0
1851,3583,197,0
1852,4780,255,1
1853,3586,291,0
1854,3585,156,0
1855,1858,274,0
1855,1859,180,0
1859,1877,169,0
1859,1878,123,0
1860,1863,192,1
1860,1864,123,0
1861,1867,269,1
1864,1865,178,0
1864,1866,180,0
1867,1868,202,1
1869,1875,259,0
1871,1872,216,0
1874,1875,251,1
1875,4231,280,0
1876,2893,283,0
1876,2894,281,0
1877,1879,292,1
1877,1880,266,1
1880,2886,203,0
1880,2887,296,0
1881,1882,217,0
1881,1883,201,0
1882,1884,267,0
1884,3247,193,0
1885,2008,150,1
1885,2009,185,0
1885,2010,251,0
1886,1888,257,0
1886,1889,105,0
1887,2802,196,0
1888,2782,137,1
1892,3705,266,0
1892,3706,273,0
1893,1895,178,1
1894,3826,149,1
1895,3821,133,0
1896,2505,134,0
1896,2506,167,0
1899,3098,147,0
1900,3011,139,0
1900,3012,201,0
1900,3013,136,0
1901,3518,241,1
1902,4544,197,0
1903,3089,273,0
1905,2075,168,0
1905,2076,126,0
1905,2077,270,0
1906,4742,201,0
1907,4607,121,0
1908,2065,165,0
1908,2066,296,0
1909,2060,138,0
1909,2061,126,0
1910,2071,154,1
1911,2067,279,0
1911,2068,259,0
1912,4712,185,0
1913,3408,184,1
1914,4608,125,0
1914,4609,287,0
1914,4610,104,1
1915,4817,246,0
1917,4711,142,0
1919,2959,151,1
1919,2960,111,0
1920,3202,118,0
1920,3203,225,0
1922,3543,253,0
1924,4719,152,0
1925,3608,107,0
1926,3288,102,1
1926,3289,181,0
1927,3344,240,0
1927,3345,259,0
1927,3346,105,0
1929,3051,182,0
1929,3052,221,0
1930,4333,252,0
1931,4330,282,1
1932,3051,250,0
1932,3052,289,0
1933,3057,245,0
1933,3058,184,0
1935,3635,228,0
1935,3636,263,0
1935,3637,124,0
1936,2320,165,1
1938,1939,260,0
1938,1940,240,1
1939,2652,157,0
1939,2653,107,0
1940,1998,299,0
1942,1943,216,0
1943,3607,129,1
1944,4422,127,0
1945,1946,135,0
1945,1947,250,1
1947,3869,179,0
1948,1950,112,0
1948,1951,107,0
1951,4417,272,0
1952,4623,158,0
1953,1956,203,0
1955,2267,205,0
1955,2268,150,1
1955,2269,300,1
1956,4622,169,1
1957,2363,129,0
1958,4620,121,1
1959,1962,214,1
1960,3992,180,0
1960,3993,201,1
1963,1966,190,1
1963,1967,212,0
1963,1968,161,0
1964,2385,104,0
1965,2261,227,0
1966,2308,146,0
1967,4736,282,0
1969,2402,206,0
1970,4736,181,0
1972,4643,124,1
1972,4644,253,0
1973,2901,172,1
1974,2848,237,1
1974,2849,210,0
1975,2351,177,1
1976,3545,169,1
1978,4745,248,0
1980,2125,125,0
1981,3557,167,0
1983,4094,173,0
1984,3120,240,0
1984,3121,173,0
1984,3122,296,0
1985,2168,117,1
1985,2169,207,0
1985,2170,103,0
1986,4754,168,0
1987,2336,140,1
1988,1993,144,0
1988,1994,113,1
1989,3143,281,0
1990,1995,243,0
1990,1996,123,0
1990,1997,297,0
1991,4293,218,0
1992,2651,109,0
1994,2329,249,0
1994,2330,178,0
1994,2331,223,1
1995,1998,237,1
1997,4294,286,0
1999,4299,203,1
1999,4300,125,0
2000,4670,256,1
2000,4671,135,1
2003,4298,150,1
2004,4790,234,0
2005,2996,228,0
2006,2468,175,0
2007,2547,193,0
2007,2548,147,0
2008,4278,175,0
2009,2715,236,0
2009,2716,128,0
2010,2019,106,0
2011,2019,297,0
2012,2017,115,0
2013,2018,206,0
2015,2018,267,1
2016,2017,107,1
2018,2019,131,1
2020,2022,208,0
2022,4001,278,0
2023,2025,156,0
2023,2026,243,0
2027,2452,185,1
2027,2453,285,1
2028,2789,299,0
2029,2430,280,1
2029,2431,122,0
2031,2710,232,1
2031,2711,279,0
2032,2795,242,0
2032,2796,217,0
2033,2710,107,0
2033,2711,185,0
2034,3948,197,1
2035,2847,172,1
2036,3272,155,0
2037,3396,218,1
2038,3183,187,0
2039,3272,247,0
2040,3273,213,0
2041,3376,266,0
2041,3377,127,1
2042,3396,204,1
2043,3395,200,0
2044,2046,114,1
2044,2047,189,1
2044,2048,292,1
2045,2480,195,0
2047,2049,277,0
2048,2050,159,1
2049,3279,240,1
2049,3280,117,1
2053,4607,175,1
2054,2069,169,0
2054,2070,252,0
2056,4712,277,1
2057,3297,229,1
2057,3298,204,1
2058,4605,104,0
2060,2062,279,0
2060,2063,221,0
2060,2064,138,0
2061,4605,242,0
2064,4632,184,0
2064,4633,121,0
2066,3382,267,0
2066,3383,263,0
2066,3384,277,1
2067,2071,117,0
2071,3409,168,1
2072,3386,198,0
2073,3379,170,0
2074,3406,257,0
2074,3407,239,1
2075,4165,265,0
2075,4166,294,0
2076,4743,231,0
2077,4173,165,1
2078,4155,180,1
2079,2088,157,1
2079,2089,202,1
2081,4155,265,1
2082,2662,160,0
2082,2663,186,0
2082,2664,277,0
2083,2265,108,1
2083,2266,139,0
2086,4603,291,0
2087,2090,118,1
2087,2091,225,0
2087,2092,186,1
2088,4184,259,1
2089,4153,177,0
2090,3087,169,0
2090,3088,246,0
2091,4154,210,0
2093,3087,285,0
2093,3088,284,1
2094,3072,300,0
2094,3073,293,0
2095,2442,184,1
2096,4649,137,0
2096,4650,177,0
2097,4411,226,1
2099,4391,299,0
2100,4649,254,0
2100,4650,277,0
2101,4389,104,0
2101,4390,193,0
2102,4410,189,1
2103,4000,272,0
2104,4000,180,1
2105,2727,213,0
2105,2728,180,0
2106,2951,234,0
2107,2109,125,0
2107,2110,170,1
2108,2750,274,0
2108,2751,110,0
2109,2114,210,1
2109,2115,229,0
2110,2950,118,0
2111,2112,288,0
2111,2113,232,0
2114,2764,164,0
2117,2118,243,1
2118,2955,131,0
2119,2121,142,0
2120,2122,152,0
2120,2123,291,0
2121,2297,292,0
2121,2298,145,0
2123,2124,208,0
2125,3318,131,0
2125,3319,175,0
2125,3320,100,0
2125,3321,300,1
2126,2309,252,1
2127,2349,284,0
2128,2297,198,0
2128,2298,162,1
2131,4377,282,0
2132,2141,228,0
2132,2142,268,1
2132,2143,141,0
2134,4147,238,0
2136,3257,197,0
2137,3257,218,0
2139,2160,103,0
2140,4140,274,0
2141,2161,211,0
2142,2144,193,0
2142,2145,151,1
2142,2146,235,0
2144,4147,255,1
2145,2150,227,0
2145,2151,110,1
2146,2437,246,0
2146,2438,122,1
2147,3258,196,1
2147,3259,289,0
2148,3261,296,0
2149,2702,291,1
2149,2703,161,0
2150,2161,243,0
2151,2700,198,0
2151,2701,123,0
2152,3250,255,0
2154,3024,191,0
2154,3025,107,0
2155,3250,284,1
2156,2160,163,0
2157,4370,300,0
2157,4371,298,0
2158,4523,126,1
2158,4524,220,0
2159,4372,181,0
2160,2161,184,1
2164,4522,102,0
2169,2171,224,0
2171,2173,146,0
2174,4296,267,0
2175,2320,220,1
2177,4754,192,1
2178,4296,146,0
2179,4043,167,1
2180,2730,149,0
2180,2731,189,0
2181,3322,228,0
2182,2219,131,0
2182,2220,231,1
2183,2187,253,0
2183,2188,232,0
2184,4035,203,0
2184,4036,149,0
2185,2189,102,0
2185,2190,107,0
2185,2191,115,0
2189,2225,136,0
2189,2226,112,0
2190,2192,233,0
2190,2193,209,0
2190,2194,285,0
2191,2649,223,1
2192,2227,184,0
2192,2228,267,0
2195,2803,190,0
2197,2198,122,0
2197,2199,156,1
2197,2200,165,0
2198,2806,221,1
2199,2201,112,0
2200,2210,162,0
2200,2211,187,0
2201,3673,293,1
2201,3674,233,0
2202,4668,101,1
2203,4436,169,0
2207,2209,117,0
2214,4291,255,0
2216,2742,147,1
2216,2743,142,0
2217,2422,158,1
2219,3666,160,0
2220,3662,191,0
2221,3683,176,0
2224,2649,220,0
2225,2227,128,0
2225,2228,149,0
2226,2229,155,0
2226,2230,175,0
2226,2231,142,0
2227,2232,271,0
2227,2233,147,0
2228,3681,166,0
2228,3682,285,0
2229,4290,152,0
2230,2232,111,0
2230,2233,132,0
2234,2238,115,0
2234,2239,265,1
2235,4043,133,1
2236,3667,121,0
2237,4668,165,1
2240,2244,119,0
2242,3603,138,0
2244,4782,288,1
2245,4594,260,0
2246,4595,272,0
2247,2262,209,0
2247,2263,171,0
2247,2264,253,0
2248,2621,109,1
2248,2622,112,0
2249,3599,136,0
2252,2256,296,0
2253,2254,297,0
2253,2255,237,1
2255,2452,252,1
2255,2453,170,1
2257,3927,146,0
2259,4603,139,1
2261,2679,266,0
2262,2678,230,0
2263,3597,278,0
2263,3598,265,1
2265,4194,123,0
2266,4603,196,0
2267,4624,238,1
2267,4625,118,0
2268,4462,235,0
2269,4557,228,0
2270,2271,101,0
2271,3924,193,0
2272,2823,275,0
2272,2824,296,0
2274,2279,105,0
2277,2945,224,0
2278,2280,237,1
2278,2281,151,0
2279,3373,289,0
2281,3372,181,0
2282,2945,296,0
2283,2964,218,0
2284,2966,130,1
2284,2967,269,0
2285,2962,261,0
2285,2963,300,0
2286,2395,100,0
2286,2396,248,1
2287,4775,182,1
2289,2395,239,1
2289,2396,229,0
2291,4698,166,0
2293,4841,137,0
2295,2357,118,0
2295,2358,211,0
2297,2345,126,0
2297,2346,103,0
2297,2347,270,0
2298,2348,152,1
2299,2314,227,1
2301,2310,230,1
2301,2311,238,0
2302,2315,120,0
2302,2316,131,0
2303,3991,158,0
2304,3982,171,1
2305,2312,270,0
2305,2313,191,0
2310,3990,183,1
2311,2314,223,0
2313,3990,229,1
2318,2321,247,0
2318,2322,103,1
2319,4295,284,0
2320,4295,223,0
2322,2326,282,0
2322,2327,233,0
2322,2328,289,1
2324,4295,222,1
2326,3622,135,0
2326,3623,163,1
2327,3625,260,1
2329,2336,255,0
2330,4294,256,0
2332,3845,299,1
2333,4342,152,0
2336,4293,152,1
2337,4768,191,0
2338,4339,133,0
2338,4340,136,0
2340,4093,261,0
2342,3846,140,0
2343,3854,299,1
2345,4788,128,0
2346,2349,185,0
2347,2348,186,0
2349,4787,215,1
2351,2857,218,1
2352,2363,295,0
2353,2362,228,1
2354,2359,121,0
2354,2360,129,0
2356,2362,292,0
2357,4839,236,0
2358,2391,246,0
2359,2376,138,0
2359,2377,194,0
2359,2378,286,0
2363,4621,123,0
2364,4702,247,1
2365,4616,191,0
2365,4617,137,1
2367,2368,196,0
2367,2369,250,0
2367,2370,277,0
2368,4703,254,0
2369,2386,266,0
2369,2387,283,1
2370,3599,296,0
2371,2386,139,0
2371,2387,212,0
2372,2374,273,1
2372,2375,250,0
2376,4618,135,0
2378,4702,118,0
2380,2385,227,0
2381,4698,142,1
2382,2384,136,0
2384,4699,105,0
2385,4215,297,0
2388,4703,167,0
2390,4440,196,0
2390,4441,209,0
2392,2621,267,0
2392,2622,254,0
2393,4574,212,0
2393,4575,236,0
2396,2968,298,1
2396,2969,267,1
2397,2675,283,1
2397,2676,231,1
2397,2677,292,1
2399,4595,144,0
2400,3992,281,0
2400,3993,210,1
2404,3952,202,0
2405,4789,221,0
2409,2729,107,1
2411,2414,293,0
2411,2415,146,1
2412,2774,203,0
2412,2775,104,1
2412,2776,110,0
2413,2877,103,1
2414,3946,140,0
2417,2566,276,0
2417,2567,160,0
2417,2568,143,1
2418,2566,280,1
2418,2567,259,1
2418,2568,265,0
2419,3920,217,1
2420,2563,230,0
2420,2564,238,0
2420,2565,209,0
2421,2428,120,0
2421,2429,238,0
2422,2423,270,0
2422,2424,194,1
2424,2884,203,0
2425,2466,142,1
2425,2467,156,0
2426,2833,173,0
2428,2997,212,1
2428,2998,242,0
2430,2432,113,1
2430,2433,245,1
2431,2443,177,0
2432,2443,109,0
2433,4350,232,0
2433,4351,167,1
2434,2447,254,0
2434,2448,133,0
2434,2449,183,0
2437,2700,221,0
2437,2701,284,1
2438,3261,251,0
2439,2442,255,0
2440,4521,230,0
2442,2986,196,0
2442,2987,189,0
2442,2988,255,0
2445,4844,155,0
2446,4243,198,0
2446,4244,203,0
2447,2450,150,0
2447,2451,138,0
2448,4844,171,0
2449,2792,271,0
2449,2793,103,0
2450,4354,283,0
2451,4360,246,0
2453,2878,272,1
2453,2879,238,1
2455,2761,297,1
2456,4252,181,1
2457,2458,299,0
2458,3923,264,0
2460,3996,231,0
2461,2834,153,1
2462,3997,257,0
2463,2877,211,0
2464,2762,148,0
2464,2763,132,0
2465,2783,169,0
2465,2784,130,1
2466,2468,285,0
2469,4026,145,0
2469,4027,256,0
2470,2471,139,0
2470,2472,190,0
2471,4047,242,1
2473,4186,175,0
2474,4037,196,1
2474,4038,265,0
2476,4069,194,1
2478,2479,145,0
2479,2821,275,0
2479,2822,198,0
2481,4259,163,0
2482,3008,250,0
2482,3009,297,0
2487,2489,157,0
2487,2490,299,0
2490,2491,141,0
2490,2492,292,0
2492,2493,130,0
2493,2494,167,1
2494,3860,100,0
2494,3861,163,1
2495,4774,220,0
2496,4409,240,1
2501,2504,154,0
2502,2546,171,0
2503,3359,298,1
2506,4217,265,1
2507,3431,123,0
2507,3432,255,1
2508,4380,132,0
2510,4379,177,0
2511,4380,174,0
2513,2870,110,0
2513,2871,168,1
2515,3970,279,1
2515,3971,168,0
2516,2870,251,0
2516,2871,153,1
2520,2770,281,1
2520,2771,262,1
2521,2780,127,0
2521,2781,166,0
2522,2524,284,0
2522,2525,296,1
2523,3068,283,1
2523,3069,160,0
2524,3065,247,1
2524,3066,187,0
2524,3067,274,0
2525,3070,168,0
2525,3071,138,0
2526,3050,277,1
2528,3370,245,0
2528,3371,240,0
2529,2530,232,1
2529,2531,150,0
2530,2537,266,0
2530,2538,176,0
2530,2539,189,0
2531,2532,235,1
2531,2533,293,1
2532,3262,108,0
2532,3263,240,0
2533,2534,216,0
2533,2535,207,1
2533,2536,143,0
2534,3264,123,0
2537,2540,261,1
2537,2541,266,0
2537,2542,247,0
2539,3271,205,0
2541,3183,137,0
2542,3368,281,1
2542,3369,245,0
2544,3271,243,0
2546,3358,184,0
2547,2787,101,0
2547,2788,180,0
2548,2748,143,0
2549,3597,213,1
2549,3598,210,0
2550,4554,122,0
2551,2678,153,0
2552,2680,254,0
2552,2681,242,0
2552,2682,201,0
2553,2570,196,1
2553,2571,102,0
2555,3916,246,0
2555,3917,171,1
2557,3002,177,0
2557,3003,151,0
2557,3004,185,0
2558,3002,237,0
2558,3003,145,0
2558,3004,112,0
2562,4750,167,1
2564,2566,200,0
2564,2567,263,0
2564,2568,172,0
2571,2572,155,0
2573,2574,121,0
2579,2580,102,1
2579,2581,257,0
2580,2582,125,1
2581,2585,286,0
2582,2585,217,0
2584,4831,147,0
2584,4832,110,0
2585,2586,141,1
2585,2587,280,0
2587,3911,252,0
2590,2591,150,0
2592,3525,146,0
2593,4077,255,1
2594,2993,155,1
2595,2754,102,1
2595,2755,173,0
2596,2754,115,1
2596,2755,263,0
2598,2992,116,1
2600,3123,252,1
2601,3908,295,1
2601,3909,223,0
2601,3910,164,1
2602,3908,264,1
2602,3909,283,0
2602,3910,230,1
2603,4742,149,0
2604,2608,254,0
2605,3074,187,0
2605,3075,263,0
2605,3076,103,1
2606,2620,114,1
2607,2608,153,0
2608,2614,286,0
2608,2615,118,1
2609,3512,116,1
2614,2616,141,0
2614,2617,202,1
2617,2618,144,0
2617,2619,117,1
2618,2620,118,0
2620,3490,278,1
2621,4572,112,0
2621,4573,135,0
2624,3509,280,0
2625,3488,264,0
2625,3489,279,1
2626,3513,276,1
2626,3514,277,0
2627,2631,229,0
2627,2632,272,0
2631,3491,264,0
2631,3492,242,0
2632,4432,258,0
2633,3560,152,1
2634,2647,125,1
2635,3491,160,0
2635,3492,178,0
2636,4412,276,0
2637,4413,244,0
2637,4414,161,0
2638,2644,287,1
2639,2642,205,0
2639,2643,177,0
2640,3493,248,0
2642,4049,119,0
2648,4049,205,0
2649,4039,268,1
2650,2651,290,0
2654,3548,269,0
2656,2657,250,1
2656,2658,148,0
2658,2659,132,0
2659,3531,260,0
2660,4102,123,1
2662,2665,297,0
2662,2666,126,0
2662,2667,248,1
2665,2668,237,1
2665,2669,186,1
2665,2670,299,0
2666,4805,280,0
2667,3512,165,1
2668,3104,244,0
2668,3105,182,1
2670,3110,223,1
2670,3111,200,0
2671,4427,272,0
2671,4428,174,1
2672,3499,261,0
2672,3500,200,0
2673,4427,298,0
2673,4428,221,1
2674,4611,134,0
2675,4215,277,0
2677,4555,293,1
2677,4556,110,0
2678,4213,264,0
2678,4214,133,1
2679,4577,295,0
2679,4578,208,1
2680,4583,275,1
2681,4288,173,0
2684,3808,129,0
2684,3809,105,0
2685,2687,108,1
2686,3802,190,0
2688,3764,298,0
2688,3765,112,0
2689,4666,224,1
2690,3777,137,0
2691,3794,287,0
2692,2694,112,1
2692,2695,274,1
2693,3878,297,0
2693,3879,226,1
2694,3874,145,0
2694,3875,205,0
2695,3873,250,0
2696,4532,110,1
2697,3099,166,0
2698,2708,271,0
2698,2709,211,0
2700,4521,148,0
2701,2702,187,1
2701,2703,199,0
2702,2707,278,0
2703,4219,168,0
2703,4220,181,1
2704,4531,200,0
2705,4526,235,0
2706,4715,125,0
2708,4533,162,1
2713,3947,287,0
2716,2748,191,1
2717,2749,297,0
2721,2770,131,0
2721,2771,261,0
2722,2991,234,0
2724,4276,175,0
2725,2807,270,1
2725,2808,144,1
2726,2834,245,0
2727,2785,148,0
2728,4009,254,1
2729,3946,285,0
2730,2742,278,1
2730,2743,257,0
2732,4796,264,0
2733,2794,226,0
2735,2831,252,0
2735,2832,183,0
2736,3952,262,1
2737,2802,216,0
2738,2782,262,0
2740,3010,186,0
2741,3010,145,0
2742,2804,166,1
2742,2805,174,0
2743,3322,289,0
2744,2803,231,0
2745,2754,282,1
2745,2755,246,0
2746,2992,290,1
2747,3958,192,0
2748,4270,239,0
2748,4271,140,1
2749,2772,158,0
2750,2764,167,0
2752,4355,278,1
2752,4356,186,0
2753,2761,106,1
2754,2810,157,0
2754,2811,106,0
2755,2810,100,0
2755,2811,141,0
2756,3118,237,0
2756,3119,226,0
2760,2789,291,1
2761,2790,244,0
2761,2791,264,0
2763,2818,255,0
2764,4009,129,0
2766,2826,186,0
2767,3948,251,1
2768,2802,123,1
2770,3070,169,1
2770,3071,124,0
2771,4369,269,0
2773,3932,263,0
2774,2834,135,0
2777,2874,162,1
2777,2875,109,1
2778,4250,126,0
2779,2807,272,0
2779,2808,175,0
2780,2989,137,1
2780,2990,149,1
2781,4261,228,0
2783,2818,242,0
2784,2809,278,1
2785,2872,238,0
2786,2819,239,0
2787,4270,160,0
2787,4271,285,0
2790,3925,236,0
2790,3926,179,1
2791,2801,229,0
2793,4360,181,1
2795,2864,182,0
2796,4250,217,0
2798,4242,185,0
2799,2812,112,1
2800,3932,194,0
2802,2833,132,0
2803,2806,217,0
2806,3323,202,0
2806,3324,205,0
2807,2820,299,0
2809,4357,179,0
2812,2946,119,1
2813,3951,124,1
2814,2831,191,0
2814,2832,292,1
2815,3949,138,1
2815,3950,252,0
2816,2950,145,1
2817,2946,119,0
2818,2880,199,0
2818,2881,256,0
2819,4041,179,0
2819,4042,287,1
2821,3008,218,1
2821,3009,261,0
2822,3911,235,0
2823,3291,156,0
2823,3292,197,0
2823,3293,291,0
2824,2865,153,0
2825,4047,162,0
2827,4048,118,0
2829,2877,291,0
2830,2882,152,0
2830,2883,282,1
2832,4418,137,0
2834,4261,200,1
2835,2869,241,0
2836,2864,131,1
2838,2873,150,0
2839,2847,285,1
2840,2844,169,1
2840,2845,157,0
2840,2846,281,0
2841,4585,155,0
2841,4586,144,0
2842,4587,187,0
2843,2858,267,1
2845,2873,288,1
2846,2869,125,0
2847,2873,151,0
2848,2857,293,0
2849,2888,188,0
2851,2865,282,1
2852,2869,191,1
2853,3963,102,0
2855,2876,186,0
2856,3966,294,0
2860,2885,168,0
2861,2892,273,1
2862,3591,250,1
2864,4251,174,0
2866,2885,257,0
2867,2868,261,0
2869,4770,151,0
2870,2876,247,1
2873,3963,169,0
2875,4251,215,1
2876,3967,132,0
2879,4350,246,0
2879,4351,168,0
2880,4070,179,1
2880,4071,276,0
2882,2884,145,1
2885,2897,202,1
2886,3596,103,0
2887,2889,263,0
2887,2890,158,0
2887,2891,289,0
2888,2901,233,0
2891,4256,105,0
2892,2895,194,0
2892,2896,287,1
2894,4776,270,0
2895,2898,252,1
2896,3559,214,0
2897,3233,266,0
2900,2902,181,0
2903,2921,109,1
2904,2906,126,1
2905,2913,105,1
2905,2914,248,1
2908,2918,122,0
2908,2919,174,0
2908,2920,192,0
2911,2949,248,0
2912,2922,284,1
2914,2915,170,1
2914,2916,241,1
2919,2923,300,0
2919,2924,257,0
2919,2925,262,1
2920,4647,182,0
2921,4647,190,0
2922,2949,292,1
2925,4646,186,0
2926,3999,169,0
2927,2931,279,0
2928,4706,272,1
2928,4707,119,1
2929,3223,100,1
2930,4584,195,0
2931,4782,109,0
2932,3216,176,0
2932,3217,186,0
2934,3605,211,1
2936,4059,164,0
2937,3028,138,0
2937,3029,242,1
2937,3030,177,0
2939,2943,129,0
2939,2944,210,0
2940,2945,259,0
2942,2943,227,0
2942,2944,211,0
2943,3315,123,0
2945,2947,268,1
2946,2948,185,0
2947,3316,163,0
2947,3317,157,0
2948,4728,192,1
2950,2951,174,1
2952,4451,214,0
2953,4241,126,0
2957,3312,250,1
2959,4060,153,0
2961,4839,136,0
2962,4579,298,0
2963,2964,233,0
2964,4840,266,0
2965,4699,296,0
2966,4565,119,0
2966,4566,286,1
2967,4841,162,0
2969,4580,195,0
2970,4257,195,1
2971,3175,193,1
2971,3176,207,0
2972,4336,260,0
2973,3468,230,1
2973,3469,282,0
2974,3473,288,0
2975,3014,137,1
2975,3015,271,1
2976,4542,192,0
2977,3026,259,0
2977,3027,227,0
2978,3098,153,0
2979,3083,268,0
2979,3084,118,0
2980,3103,110,0
2982,2983,153,0
2982,2984,136,0
2982,2985,277,0
2983,4739,147,1
2984,3077,176,0
2984,3078,152,1
2985,3520,291,1
2986,4739,149,0
2987,3081,154,0
2987,3082,252,0
2988,3072,287,1
2988,3073,171,0
2989,4277,160,0
2990,2991,291,0
2992,2993,112,0
2995,4236,203,0
2998,4614,142,0
2999,3883,114,0
3000,3621,195,0
3001,3884,219,0
3005,3622,287,1
3005,3623,223,0
3008,3010,266,0
3009,3912,129,0
3011,3097,106,0
3014,3103,195,1
3015,3097,160,0
3016,3517,252,0
3017,4544,144,0
3018,4542,244,0
3019,3517,234,0
3020,4541,204,0
3021,4532,197,0
3023,4526,166,1
3024,3099,232,0
3025,3250,192,0
3026,4715,261,0
3027,4526,261,0
3030,4055,193,1
3030,4056,279,1
3032,3288,196,0
3032,3289,121,0
3033,4338,298,0
3034,3629,280,0
3036,3628,111,0
3037,3141,186,0
3037,3142,105,0
3038,3043,130,1
3038,3044,132,1
3038,3045,182,0
3040,4731,111,1
3041,3619,288,0
3042,4732,126,0
3043,3617,295,0
3043,3618,113,0
3044,3127,101,0
3044,3128,139,0
3044,3129,233,1
3045,3723,289,0
3045,3724,285,1
3047,4040,127,0
3050,4481,245,1
3050,4482,219,0
3051,3064,207,0
3053,3355,258,0
3053,3356,261,0
3053,3357,117,0
3054,4322,266,0
3054,4323,251,1
3055,3352,291,0
3055,3353,208,0
3055,3354,299,0
3062,3064,152,0
3067,3068,118,0
3067,3069,184,0
3068,4235,267,1
3072,4740,125,0
3073,3089,192,0
3074,3090,190,0
3074,3091,260,0
3074,3092,247,0
3076,3085,156,0
3076,3086,157,0
3077,4737,136,1
3077,4738,205,0
3078,3079,167,0
3078,3080,159,1
3080,4523,153,0
3080,4524,285,0
3081,4737,138,1
3081,4738,235,1
3082,4522,172,1
3083,3093,136,1
3085,3093,249,0
3087,3089,257,0
3089,4741,110,1
3090,3093,153,0
3091,3520,128,0
3092,4741,115,0
3093,3094,236,0
3093,3095,168,1
3093,3096,293,0
3094,3097,188,0
3097,3098,188,1
3098,4543,259,1
3099,4525,126,0
3100,3103,179,0
3101,4525,252,0
3104,4417,178,0
3105,3117,118,0
3107,3114,118,0
3108,3112,109,1
3108,3113,117,0
3109,4819,127,0
3109,4820,117,0
3110,3114,174,1
3111,4415,226,1
3111,4416,253,0
3114,3115,289,0
3114,3116,226,0
3115,3117,195,1
3119,3123,184,0
3121,3885,172,0
3121,3886,233,0
3121,3887,165,0
3121,3888,193,1
3123,3125,225,1
3123,3126,240,0
3125,4751,224,0
3126,3892,200,1
3128,3141,247,0
3128,3142,251,1
3129,4732,297,0
3130,4752,232,0
3133,3890,217,0
3133,3891,180,0
3138,3621,208,1
3139,3621,125,0
3140,3143,138,1
3142,4730,264,0
3143,3144,103,1
3143,3145,183,0
3144,3624,260,0
3145,3625,297,1
3148,3192,273,0
3148,3193,198,1
3148,3194,215,1
3148,3195,119,1
3149,3287,157,0
3152,3367,212,1
3153,3365,288,0
3153,3366,124,1
3154,3642,151,0
3156,3168,210,1
3156,3169,186,0
3157,3183,236,1
3158,3181,185,0
3158,3182,242,0
3159,3640,224,0
3159,3641,256,0
3160,3212,164,0
3162,4409,171,0
3163,4420,250,0
3164,4658,294,1
3166,3290,278,0
3167,4339,300,0
3167,4340,230,0
3169,3268,204,0
3169,3269,233,1
3170,3328,280,1
3171,3537,152,0
3171,3538,211,0
3172,3208,262,1
3172,3209,101,0
3172,3210,243,0
3173,3285,262,1
3173,3286,220,0
3175,3187,149,1
3175,3188,247,0
3176,4258,111,1
3178,4061,190,0
3179,3199,136,0
3179,3200,274,1
3179,3201,125,0
3181,3710,138,0
3184,3529,159,0
3184,3530,131,1
3186,3211,177,1
3187,3208,286,0
3187,3209,172,1
3187,3210,103,0
3188,4195,225,0
3190,3204,196,0
3191,4654,139,0
3192,3285,134,1
3192,3286,300,1
3194,3290,101,0
3195,4661,169,0
3197,3527,212,1
3197,3528,210,0
3198,4066,211,0
3198,4067,215,0
3199,3543,235,0
3201,3544,107,0
3202,4195,124,0
3203,4335,218,1
3204,4449,201,0
3205,3704,138,0
3207,3367,292,0
3208,4337,242,1
3210,3287,214,0
3212,4289,291,1
3213,3457,149,1
3214,4283,260,0
3214,4284,216,0
3215,3224,261,0
3216,3224,156,0
3217,3225,143,0
3220,3606,215,1
3221,3225,145,0
3222,4821,293,0
3223,3606,207,0
3227,3230,266,0
3227,3231,180,1
3228,3232,247,0
3232,3233,279,1
3234,3242,227,0
3235,3236,163,0
3235,3237,106,1
3238,3246,261,0
3239,3240,204,0
3239,3241,157,1
3240,3994,185,0
3241,3984,157,0
3242,3243,284,0
3242,3244,260,1
3243,3245,140,1
3250,3252,284,0
3250,3253,204,0
3250,3254,289,0
3254,3255,276,1
3254,3256,112,0
3255,4372,276,1
3259,4052,249,0
3260,3261,157,0
3263,3264,112,0
3267,3270,291,0
3269,3270,157,0
3270,3271,130,0
3272,3273,266,1
3273,3378,135,1
3275,3393,126,1
3275,3394,161,0
3276,4632,155,0
3276,4633,300,0
3277,4634,132,0
3278,3380,290,0
3278,3381,269,0
3279,3390,241,0
3279,3391,195,0
3279,3392,274,0
3281,3282,279,0
3284,3290,220,0
3285,3287,270,0
3289,4337,268,1
3293,4780,146,0
3294,4110,135,0
3295,4102,271,0
3296,3299,143,0
3296,3300,120,1
3300,4224,270,0
3300,4225,294,0
3301,3304,240,0
3301,3305,145,0
3303,3403,138,0
3304,3306,141,0
3305,3310,187,1
3305,3311,147,0
3306,3518,280,0
3307,4134,158,1
3308,4136,109,0
3309,4536,208,1
3311,4134,295,0
3313,3522,180,1
3314,4828,223,1
3315,4561,212,1
3317,3318,265,1
3317,3319,157,0
3317,3320,163,0
3317,3321,112,0
3318,4745,270,0
3319,3545,160,1
3320,3557,128,0
3324,3672,228,0
3328,3329,286,0
3328,3330,177,0
3331,3334,276,0
3331,3335,157,1
3334,3358,187,0
3335,4746,138,0
3336,3339,255,0
3336,3340,227,1
3337,3537,212,1
3337,3538,181,1
3338,3341,182,0
3338,3342,280,1
3338,3343,234,1
3340,4342,240,0
3341,4093,151,0
3343,3344,250,0
3343,3345,287,0
3343,3346,299,0
3344,3347,274,0
3344,3348,257,1
3344,3349,195,0
3346,4400,167,1
3347,4756,166,0
3348,3350,272,0
3348,3351,192,0
3350,3848,110,0
3353,3848,166,0
3357,4401,187,0
3360,4315,140,0
3361,3363,288,1
3361,3364,246,0
3362,4315,106,0
3363,3655,159,0
3364,3654,292,0
3365,3651,212,0
3366,3652,279,0
3366,3653,152,0
3372,3373,126,0
3374,3523,222,0
3374,3524,230,0
3381,3382,183,1
3381,3383,273,1
3381,3384,145,0
3382,3386,248,1
3383,3406,118,1
3383,3407,296,0
3390,3393,242,0
3390,3394,205,0
3400,4823,155,1
3401,3403,268,1
3403,4822,260,1
3404,3410,119,0
3404,3411,292,1
3405,3413,236,0
3406,3409,271,0
3407,3408,225,0
3408,3410,253,0
3408,3411,258,1
3411,3414,152,0
3412,3414,149,0
3413,3414,153,0
3414,3418,176,1
3415,3419,125,1
3415,3420,117,0
3415,3421,212,0
3416,3418,258,0
3420,3426,231,0
3421,3422,291,0
3421,3423,265,1
3422,3424,145,0
3422,3425,261,0
3425,3426,133,1
3426,3458,108,0
3426,3459,152,0
3429,4389,284,0
3429,4390,193,0
3433,3561,265,0
3433,3562,209,0
3434,3439,132,0
3436,3437,193,0
3436,3438,297,0
3439,3566,273,0
3439,3567,133,1
3440,4648,145,0
3441,4757,183,0
3443,4285,241,0
3446,3447,212,0
3446,3448,246,0
3447,4075,206,1
3447,4076,138,0
3448,4648,116,0
3453,3454,127,1
3456,4765,215,0
3457,4392,217,0
3458,3475,268,0
3458,3476,166,0
3458,3477,190,0
3459,3460,235,0
3459,3461,253,0
3459,3462,150,1
3460,4395,273,1
3460,4396,188,0
3462,3478,180,0
3463,4405,300,0
3463,4406,249,0
3464,3466,184,0
3464,3467,146,1
3465,4227,201,0
3467,3472,228,0
3469,3478,168,1
3470,3479,242,0
3472,4392,119,0
3473,4227,198,0
3477,4733,258,1
3478,4420,144,0
3479,4824,185,0
3480,4814,273,0
3483,4434,162,0
3483,4435,142,0
3484,3494,140,0
3485,3490,280,0
3486,4425,183,1
3486,4426,184,1
3487,4792,139,0
3489,4792,284,1
3490,4433,256,0
3491,3493,227,0
3493,4430,261,0
3493,4431,107,1
3494,3495,102,1
3496,3497,247,0
3496,3498,168,0
3497,3513,274,0
3497,3514,137,0
3499,3501,299,0
3499,3502,253,0
3499,3503,115,1
3500,3506,267,0
3500,3507,103,1
3501,4806,119,0
3502,3515,122,1
3502,3516,152,1
3503,3504,193,0
3503,3505,239,1
3504,3506,124,1
3504,3507,185,1
3505,3510,232,1
3505,3511,247,0
3506,3509,212,0
3507,4423,281,0
3507,4424,261,0
3508,3509,234,0
3509,3510,121,0
3509,3511,213,0
3510,4807,173,0
3511,4804,151,0
3512,4803,169,0
3514,4804,261,1
3516,4805,257,0
3517,4543,179,1
3519,4743,103,0
3520,4740,129,0
3523,4421,175,0
3525,3526,104,0
3526,4683,151,0
3527,4068,152,0
3528,4411,289,0
3529,3553,124,1
3529,3554,148,0
3530,4447,171,0
3530,4448,279,0
3532,4335,136,0
3536,4216,277,0
3537,4216,259,0
3538,3539,262,0
3541,3542,235,0
3546,4065,211,0
3549,3558,107,0
3550,4256,192,1
3551,4683,134,0
3552,4838,116,0
3553,4077,275,1
3555,4826,142,1
3555,4827,213,0
3559,4582,198,0
3561,3568,103,0
3561,3569,206,1
3562,4397,295,1
3562,4398,147,1
3564,3568,131,1
3564,3569,295,0
3566,3571,269,0
3567,4395,135,1
3567,4396,263,1
3568,3572,220,0
3569,3571,248,1
3570,3572,174,0
3573,3575,277,0
3576,3578,202,0
3577,3579,134,0
3580,4582,137,0
3582,3583,170,0
3583,3584,211,0
3584,3585,146,0
3585,3586,135,0
3589,3590,167,0
3592,3968,268,0
3593,3969,158,1
3594,3968,174,1
3597,4215,233,0
3598,4645,232,0
3599,4704,196,1
3600,3999,195,1
3601,3603,135,1
3605,4821,171,0
3609,4719,252,1
3610,4652,276,1
3610,4653,171,1
3611,4383,179,0
3611,4384,294,0
3611,4385,229,0
3613,4818,155,1
3614,3685,229,1
3614,3686,154,1
3615,4013,296,1
3615,4014,129,0
3616,3684,278,0
3617,3619,228,0
3619,3731,108,0
3619,3732,140,1
3621,3880,285,0
3623,3624,174,1
3626,4022,233,0
3627,4018,147,0
3628,3629,195,0
3629,3632,164,1
3630,3632,127,0
3631,3633,185,0
3631,3634,154,0
3633,4015,109,1
3634,4013,119,0
3634,4014,227,0
3635,4221,222,0
3636,3638,105,0
3636,3639,236,1
3638,4291,158,0
3640,3716,200,0
3641,3704,247,1
3642,3647,292,0
3643,3650,221,0
3644,3649,120,0
3645,3649,229,0
3646,3647,101,0
3647,3650,167,1
3648,3649,120,0
3653,3655,274,0
3657,3659,230,1
3658,3659,147,1
3665,4291,185,1
3666,4790,102,0
3669,3683,207,0
3673,4436,198,0
3674,3675,230,1
3674,3676,188,0
3677,3679,124,0
3677,3680,219,1
3683,4041,296,1
3683,4042,120,0
3685,3688,122,1
3685,3689,247,0
3687,4016,138,0
3688,3691,296,1
3688,3692,262,1
3689,4016,237,0
3690,3693,115,1
3691,3693,286,1
3694,3695,187,1
3694,3696,148,0
3698,3700,263,0
3698,3701,200,0
3700,3702,132,0
3700,3703,173,1
3702,3715,160,1
3703,3716,250,0
3705,3820,191,0
3706,3712,284,1
3706,3713,226,1
3707,3710,139,1
3708,3714,146,1
3709,3711,243,0
3710,3711,123,0
3712,3714,244,0
3714,3827,226,0
3714,3828,245,0
3717,3737,152,0
3718,4019,251,0
3718,4020,219,1
3719,3727,120,1
3721,4019,117,1
3721,4020,153,0
3722,3727,261,0
3723,3726,111,1
3724,3728,160,0
3725,3726,194,0
3726,3730,205,0
3727,3729,126,0
3728,3729,247,0
3729,3730,242,0
3732,3733,206,0
3732,3734,120,0
3733,4021,249,0
3735,4021,104,0
3736,3737,173,0
3737,3738,143,1
3737,3739,143,0
3742,3759,130,0
3743,3745,271,0
3743,3746,132,0
3744,3770,297,0
3745,3770,157,1
3746,3773,184,1
3747,3756,194,0
3749,3752,261,0
3749,3753,198,0
3750,3752,266,1
3750,3753,203,0
3751,3759,292,0
3752,3760,255,0
3752,3761,283,0
3753,3754,166,1
3753,3755,141,0
3754,3757,297,0
3754,3758,215,0
3755,3756,209,0
3756,3795,276,0
3757,3766,191,0
3757,3767,202,0
3758,3769,289,0
3759,3760,228,0
3759,3761,190,0
3760,3776,120,1
3761,3769,121,1
3762,3768,236,1
3763,3777,231,1
3764,3795,278,0
3765,3766,214,0
3765,3767,217,1
3766,3768,127,1
3770,3771,212,0
3770,3772,221,1
3771,3774,109,0
3771,3775,115,1
3772,3773,115,0
3773,3776,272,0
3778,3789,248,0
3779,4665,234,0
3780,3781,277,0
3780,3782,295,1
3781,3783,135,1
3782,3783,271,0
3784,4666,297,0
3785,3786,190,0
3786,3787,236,0
3786,3788,253,0
3787,4662,198,0
3787,4663,158,0
3788,3789,156,1
3789,4664,193,1
3792,3803,174,0
3792,3804,127,0
3793,3811,279,0
3795,3796,132,0
3795,3797,142,0
3797,3800,111,0
3798,3802,132,0
3799,3800,107,0
3802,3810,205,0
3805,3810,211,0
3806,3808,122,1
3806,3809,260,0
3807,3812,166,0
3807,3813,292,0
3808,3811,227,1
3811,3812,177,0
3811,3813,263,0
3814,3817,209,0
3815,3818,174,0
3815,3819,102,0
3816,3817,262,1
3820,3822,162,0
3820,3823,134,0
3823,3824,204,1
3823,3825,217,0
3826,3827,108,0
3826,3828,227,0
3830,3832,272,0
3830,3833,252,0
3830,3834,202,0
3832,3835,107,1
3832,3836,201,0
3837,3839,114,0
3838,3840,115,1
3839,3841,208,1
3843,3844,151,0
3845,3846,279,1
3847,4766,280,0
3848,3849,203,0
3848,3850,253,1
3848,3851,299,0
3849,3852,168,0
3849,3853,248,1
3850,4766,211,0
3851,4341,159,0
3852,4767,289,1
3853,4099,208,1
3854,3855,168,0
3855,4756,237,1
3856,4099,180,0
3857,4768,186,0
3865,3867,206,0
3865,3868,118,1
3867,4755,160,0
3868,3869,150,0
3869,3870,268,1
3869,3871,106,1
3870,4730,138,1
3871,4755,237,0
3872,3873,296,0
3874,3876,227,0
3874,3877,287,0
3876,3882,140,1
3878,3881,135,0
3879,3880,201,0
3880,3881,285,0
3881,3882,297,1
3882,3883,291,1
3883,4614,110,1
3885,4613,226,0
3890,3893,266,0
3890,3894,141,0
3891,3892,213,1
3892,3902,159,1
3892,3903,113,0
3893,3895,231,0
3893,3896,283,1
3900,3901,231,0
3915,4192,160,0
3919,3920,245,0
3923,4252,212,0
3929,4344,226,1
3929,4345,167,0
3929,4346,251,1
3931,4239,261,1
3931,4240,274,1
3934,4679,261,1
3935,4727,226,0
3939,3940,106,0
3939,3941,151,1
3940,3942,239,0
3940,3943,269,1
3942,3944,192,1
3942,3945,278,1
3945,3959,217,0
3948,4723,244,1
3949,3951,156,1
3953,4418,173,0
3955,3956,199,0
3955,3957,135,1
3959,4789,236,0
3960,3961,126,0
3960,3962,218,0
3961,3966,212,0
3963,3965,255,0
3964,3965,248,0
3965,3966,240,0
3966,3967,275,0
3969,3972,277,0
3971,3972,147,0
3975,3977,174,0
3976,3977,283,0
3978,3979,237,1
3980,4622,295,0
3983,3984,289,0
3987,3988,217,0
3987,3989,146,0
3990,3991,143,0
3992,4620,284,0
3995,4735,143,0
4004,4006,152,1
4011,4191,211,0
4014,4015,237,0
4015,4016,135,1
4016,4017,184,1
4017,4018,234,1
4018,4022,123,1
4019,4023,142,0
4020,4021,180,0
4022,4292,184,0
4024,4029,288,0
4024,4030,210,0
4026,4028,255,1
4029,4043,241,1
4030,4668,290,1
4031,4069,194,0
4033,4695,297,0
4035,4037,174,0
4035,4038,176,0
4036,4039,107,0
4037,4040,252,1
4038,4040,144,1
4045,4771,107,0
4046,4316,124,0
4047,4359,225,1
4048,4359,252,0
4054,4313,143,0
4054,4314,211,1
4055,4057,177,1
4055,4058,225,0
4056,4059,107,1
4058,4584,126,0
4061,4062,223,0
4063,4321,189,1
4064,4771,219,0
4066,4068,143,1
4067,4686,278,0
4068,4285,163,1
4069,4696,172,0
4070,4255,159,0
4071,4357,297,0
4072,4764,249,0
4075,4602,120,1
4076,4601,149,0
4079,4361,188,0
4079,4362,285,0
4085,4087,194,0
4085,4088,182,0
4086,4223,232,0
4094,4095,286,0
4095,4096,209,1
4099,4341,106,1
4102,4105,108,1
4103,4604,100,0
4104,4105,152,0
4105,4109,204,0
4106,4108,149,0
4107,4108,165,0
4108,4109,101,0
4109,4110,244,0
4112,4114,282,1
4112,4115,166,0
4113,4114,100,1
4113,4115,151,0
4115,4606,249,1
4117,4118,188,1
4117,4119,241,1
4120,4121,124,1
4120,4122,215,0
4122,4128,255,1
4122,4129,252,0
4123,4125,125,1
4123,4126,139,1
4124,4125,138,0
4124,4126,217,0
4128,4131,147,0
4130,4131,196,0
4133,4137,176,0
4134,4135,237,0
4135,4136,196,1
4136,4137,184,0
4137,4138,261,0
4139,4140,109,1
4140,4141,191,0
4140,4142,266,0
4141,4143,265,1
4142,4143,210,0
4147,4148,192,0
4148,4149,257,0
4151,4154,230,1
4152,4153,273,0
4155,4156,193,0
4155,4157,246,0
4156,4158,276,1
4157,4158,171,1
4166,4184,281,1
4171,4173,111,1
4172,4174,172,0
4172,4175,272,0
4173,4185,164,1
4174,4176,168,0
4174,4177,226,1
4175,4178,169,0
4175,4179,107,1
4177,4180,133,1
4178,4181,160,1
4178,4182,294,0
4179,4180,199,0
4180,4183,123,0
4181,4183,282,0
4187,4189,104,1
4187,4190,194,0
4189,4193,117,0
4190,4191,166,1
4191,4192,294,1
4192,4193,247,0
4196,4328,227,1
4196,4329,120,0
4197,4500,180,0
4198,4497,133,0
4199,4488,154,1
4199,4489,241,1
4200,4205,228,1
4200,4206,252,1
4202,4486,269,0
4202,4487,278,1
4203,4330,259,0
4204,4205,142,0
4204,4206,118,1
4205,4331,173,0
4205,4332,199,0
4206,4497,228,0
4207,4793,159,1
4208,4401,174,1
4209,4333,188,0
4210,4334,159,0
4214,4583,270,0
4215,4462,258,1
4216,4217,238,0
4220,4521,124,1
4224,4226,113,0
4226,4824,284,0
4227,4764,127,0
4228,4230,115,0
4229,4231,152,0
4230,4561,267,0
4233,4235,154,0
4234,4369,296,0
4239,4845,285,0
4241,4242,183,0
4244,4845,272,0
4245,4590,221,0
4246,4347,188,0
4246,4348,216,1
4246,4349,202,1
4248,4250,291,0
4249,4590,191,0
4250,4251,274,0
4253,4358,111,0
4254,4255,229,0
4257,4258,107,0
4264,4272,190,0
4264,4273,103,0
4265,4267,113,0
4265,4268,258,0
4265,4269,236,1
4266,4277,136,1
4268,4270,282,1
4268,4271,274,0
4269,4278,237,0
4270,4272,188,1
4270,4273,273,0
4271,4274,134,0
4271,4275,142,0
4272,4274,300,0
4272,4275,215,0
4275,4276,133,0
4279,4410,239,0
4281,4285,197,1
4283,4404,101,0
4284,4407,251,0
4285,4411,285,0
4286,4288,184,0
4287,4583,184,0
4292,4293,272,0
4293,4294,294,0
4295,4296,231,0
4296,4297,209,1
4297,4298,162,0
4298,4301,221,0
4298,4302,137,0
4299,4676,266,0
4300,4674,223,0
4300,4675,277,0
4301,4691,116,0
4302,4676,176,0
4303,4306,224,0
4305,4690,142,0
4306,4307,276,0
4307,4308,271,0
4307,4309,167,0
4308,4316,222,0
4313,4315,176,0
4316,4317,247,0
4316,4318,133,1
4317,4319,231,0
4317,4320,134,0
4322,4793,205,0
4324,4495,102,1
4325,4498,230,1
4325,4499,240,0
4326,4334,265,0
4327,4328,207,0
4327,4329,275,1
4328,4501,119,0
4330,4331,242,1
4330,4332,152,0
4332,4333,274,0
4333,4495,181,0
4334,4399,109,1
4337,4338,135,1
4339,4656,165,0
4339,4657,271,1
4340,4769,169,1
4343,4500,170,0
4347,4352,192,1
4347,4353,105,0
4350,4357,154,0
4353,4354,226,0
4354,4355,100,0
4354,4356,153,0
4355,4360,135,0
4357,4358,274,1
4358,4359,232,0
4362,4515,157,0
4364,4507,261,1
4365,4516,139,1
4367,4507,229,0
4368,4515,206,0
4370,4373,185,0
4370,4374,166,0
4371,4785,253,1
4372,4476,124,0
4372,4477,162,0
4373,4493,222,0
4375,4377,193,0
4377,4785,241,0
4382,4758,119,0
4382,4759,295,0
4382,4760,218,0
4383,4391,202,0
4386,4391,129,0
4389,4397,103,0
4389,4398,109,1
4390,4651,257,1
4391,4651,250,0
4395,4733,143,0
4399,4498,121,1
4399,4499,231,0
4402,4404,253,1
4404,4408,221,0
4406,4407,288,0
4407,4408,240,0
4419,4746,281,1
4428,4429,282,1
4430,4432,112,1
4431,4611,252,0
4432,4611,208,1
4437,4442,283,0
4437,4443,130,0
4438,4440,268,0
4438,4441,270,0
4440,4444,240,1
4442,4444,220,0
4443,4445,167,0
4444,4445,263,0
4445,4446,243,0
4446,4704,109,0
4447,4449,192,1
4449,4517,141,0
4452,4457,251,0
4455,4457,238,1
4457,4597,255,0
4458,4461,124,1
4461,4773,222,0
4463,4576,118,1
4465,4549,106,0
4465,4550,287,1
4466,4537,150,0
4466,4538,290,0
4468,4470,262,0
4468,4471,178,0
4470,4783,187,0
4473,4475,207,0
4475,4786,240,1
4476,4786,205,0
4477,4494,144,0
4478,4483,146,0
4478,4484,241,0
4480,4493,290,0
4482,4483,279,1
4482,4484,122,0
4483,4485,247,0
4484,4486,259,0
4484,4487,176,1
4486,4488,248,1
4486,4489,179,0
4488,4490,127,1
4488,4491,230,0
4488,4492,248,1
4489,4493,254,0
4490,4494,126,1
4491,4655,160,0
4492,4500,251,0
4493,4494,159,0
4494,4655,212,0
4496,4497,190,0
4498,4501,143,0
4499,4718,141,1
4500,4501,220,0
4505,4510,109,1
4505,4511,164,0
4505,4512,177,0
4506,4515,100,0
4507,4508,135,0
4507,4509,216,1
4508,4516,151,1
4509,4517,102,0
4510,4518,132,0
4517,4518,107,0
4518,4519,151,1
4518,4520,190,1
4521,4522,109,1
4524,4525,278,0
4525,4531,238,0
4526,4539,117,1
4526,4540,276,0
4528,4529,185,0
4528,4530,243,0
4531,4532,155,0
4532,4533,177,0
4534,4541,179,0
4538,4541,299,0
4539,4542,227,0
4542,4543,264,0
4543,4544,193,0
4545,4558,136,0
4545,4559,235,1
4545,4560,202,0
4547,4551,188,0
4547,4552,274,0
4548,4834,287,1
4549,4615,157,0
4552,4615,283,1
4553,4554,294,0
4554,4643,126,1
4554,4644,121,1
4555,4576,194,0
4556,4557,128,0
4557,4626,291,1
4558,4626,266,0
4561,4562,258,0
4562,4563,276,0
4563,4564,107,0
4565,4580,243,1
4566,4833,285,0
4568,4572,220,0
4568,4573,286,0
4569,4571,215,0
4570,4594,109,0
4572,4574,183,0
4572,4575,148,0
4575,4576,108,1
4577,4838,215,0
4578,4837,278,0
4583,4596,217,0
4585,4587,239,0
4587,4588,207,0
4587,4589,173,0
4590,4593,187,0
4592,4593,196,1
4597,4598,189,0
4598,4774,117,0
4601,4602,257,0
4602,4705,128,0
4603,4604,121,0
4604,4605,119,0
4605,4606,213,0
4606,4607,206,1
4609,4711,118,0
4610,4712,188,0
4617,4701,257,0
4618,4619,123,0
4619,4701,166,1
4620,4621,204,0
4621,4622,283,0
4622,4623,212,0
4623,4624,136,0
4623,4625,166,0
4624,4837,277,0
4625,4626,112,0
4626,4627,120,1
4627,4628,242,0
4629,4631,222,0
4630,4634,262,0
4631,4635,232,1
4633,4635,250,0
4634,4635,126,1
4638,4639,178,0
4638,4640,225,0
4643,4645,121,1
4645,4736,144,0
4650,4651,281,1
4652,4815,289,0
4652,4816,122,0
4657,4658,262,0
4659,4661,273,0
4662,4666,106,0
4663,4664,103,1
4664,4665,190,0
4668,4669,136,0
4669,4673,141,0
4670,4672,244,0
4671,4673,211,0
4674,4692,186,0
4675,4676,128,1
4679,4725,169,1
4679,4726,151,0
4685,4686,109,1
4686,4761,229,0
4691,4692,293,0
4695,4696,105,0
4698,4699,239,0
4699,4700,270,0
4700,4701,117,0
4701,4702,256,0
4702,4703,251,0
4703,4704,111,0
4704,4705,229,1
4705,4757,287,0
4708,4709,271,0
4711,4812,291,1
4711,4813,257,0
4713,4784,258,1
4714,4783,215,0
4715,4716,224,0
4715,4717,110,1
4721,4722,257,0
4726,4727,138,0
4728,4729,275,0
4730,4731,265,0
4734,4735,123,0
4737,4739,219,0
4739,4740,134,0
4740,4741,241,0
4741,4742,166,0
4742,4743,261,0
4743,4744,125,1
4744,4822,206,1
4752,4753,157,1
4758,4761,277,0
4759,4762,143,0
4759,4763,114,0
4764,4765,192,0
4766,4767,112,0
4767,4768,236,0
4768,4769,168,0
4776,4778,255,1
4777,4778,285,0
4783,4784,201,0
4787,4788,242,1
4790,4791,123,0
4794,4796,212,0
4797,4800,230,0
4798,4800,161,0
4799,4806,123,0
4800,4801,229,0
4800,4802,289,1
4801,4803,115,1
4802,4807,214,1
4803,4808,193,0
4804,4808,267,1
4805,4806,253,0
4806,4807,281,0
4807,4808,278,0
4809,4812,175,1
4809,4813,107,1
4810,4818,234,1
4811,4814,106,0
4815,4817,178,0
4816,4818,179,0
4827,4828,230,0
4828,4829,267,1
4828,4830,198,1
4833,4841,148,0
4834,4836,226,1
4835,4836,144,0
4839,4840,217,0
